timestamp,side,level,price,amount
2025-03-21T16:01:31.504025,bid,0,84078,0.03320237257259841
2025-03-21T16:01:31.504025,ask,0,84083,0.03320237257259841
2025-03-21T16:02:31.519904,bid,0,84109,0.014587199996377975
2025-03-21T16:02:31.519904,ask,0,84114,0.014587199996377975
2025-03-21T16:03:31.539660,bid,0,84079,0.011180204777231995
2025-03-21T16:03:31.539660,ask,0,84084,0.011180204777231995
2025-03-21T16:04:31.553376,bid,0,84086,0.04602820727373418
2025-03-21T16:04:31.553376,ask,0,84091,0.04602820727373418
2025-03-21T16:05:31.566708,bid,0,84110,0.02206573873326774
2025-03-21T16:05:31.566708,ask,0,84115,0.02206573873326774
2025-03-21T16:06:31.585566,bid,0,84106,0.020444012815931584
2025-03-21T16:06:31.585566,ask,0,84111,0.020444012815931584
2025-03-21T16:07:31.598052,bid,0,84142,0.020962884199370507
2025-03-21T16:07:31.598052,ask,0,84147,0.020962884199370507
2025-03-21T16:08:31.614304,bid,0,84187,0.017889613499094154
2025-03-21T16:08:31.614304,ask,0,84192,0.017889603838704603
2025-03-21T16:09:31.628904,bid,0,84168,0.021345042200640724
2025-03-21T16:09:31.628904,ask,0,84173,0.02134506141119023
2025-03-21T16:10:31.645925,bid,0,84175,0.01648586797182306
2025-03-21T16:10:31.645925,ask,0,84180,0.016485882809113138
2025-03-21T16:11:31.659137,bid,0,84148,0.01945477016902569
2025-03-21T16:11:31.659137,ask,0,84153,0.01945480985681081
2025-03-21T16:12:31.672057,bid,0,84138,0.030557196068517246
2025-03-21T16:12:31.672057,ask,0,84143,0.030557258405282003
2025-03-21T16:13:31.684382,bid,0,84131,0.021942213887390767
2025-03-21T16:13:31.684382,ask,0,84136,0.021942300778787158
2025-03-21T16:14:31.696431,bid,0,84197,0.015533561432924173
2025-03-21T16:14:31.696431,ask,0,84202,0.015533590791392273
2025-03-21T16:15:31.709881,bid,0,84180,0.024712824346240808
2025-03-21T16:15:31.709881,ask,0,84185,0.02471288810543729
2025-03-21T16:16:31.716806,bid,0,84158,0.01639849578771912
2025-03-21T16:16:31.716806,ask,0,84163,0.016398550394831322
2025-03-21T16:17:31.735092,bid,0,84146,0.02423224617686588
2025-03-21T16:17:31.735092,ask,0,84151,0.024232339228929412
2025-03-21T16:18:31.753973,bid,0,84151,0.03425160687725566
2025-03-21T16:18:31.753973,ask,0,84156,0.03425173840376278
2025-03-21T16:19:31.769861,bid,0,84150,0.024518527419117822
2025-03-21T16:19:31.769861,ask,0,84155,0.024518621570504138
2025-03-21T16:20:31.795074,bid,0,84142,0.02683020430723898
2025-03-21T16:20:31.795074,ask,0,84147,0.02683030733548727
2025-03-21T16:21:31.811156,bid,0,84144,0.044178185042001224
2025-03-21T16:21:31.811156,ask,0,84149,0.044178354686666074
2025-03-21T16:22:31.827737,bid,0,84127,0.019672082263144236
2025-03-21T16:22:31.827737,ask,0,84132,0.019672183181271386
2025-03-21T16:23:31.844988,bid,0,84130,0.0391587171627786
2025-03-21T16:23:31.844988,ask,0,84135,0.03915891804768468
2025-03-21T16:24:31.858096,bid,0,84121,0.038857280457988634
2025-03-21T16:24:31.858096,ask,0,84126,0.03885747979651912
2025-03-21T16:25:31.873770,bid,0,84100,0.022449047236887204
2025-03-21T16:25:31.873770,ask,0,84105,0.022449199442115438
2025-03-21T16:25:31.873770,ask,1,84130,0.8
2025-03-21T16:26:31.887479,bid,0,84102,0.030654567568981793
2025-03-21T16:26:31.887479,ask,0,84107,0.030654775407889343
2025-03-21T16:26:31.887479,ask,1,84132,0.8
2025-03-21T16:27:31.901700,bid,0,84101,0.057236657730159325
2025-03-21T16:27:31.901700,ask,0,84106,0.05723704579645279
2025-03-21T16:27:31.901700,ask,1,84131,0.8
2025-03-21T16:28:31.915271,bid,0,84097,0.038192369235042926
2025-03-21T16:28:31.915271,ask,0,84102,0.03819262818047677
2025-03-21T16:28:31.915271,ask,1,84127,0.8
2025-03-21T16:29:31.929091,bid,0,84102,0.052572525590089715
2025-03-21T16:29:31.929091,ask,0,84107,0.05257288203342434
2025-03-21T16:29:31.929091,ask,1,84132,0.8
2025-03-21T16:30:31.952645,bid,0,84105,0.04292500621925184
2025-03-21T16:30:31.952645,ask,0,84110,0.04292529725210948
2025-03-21T16:30:31.952645,ask,1,84135,0.8
2025-03-21T16:31:31.962780,bid,0,84098,0.04099209057027736
2025-03-21T16:31:31.962780,ask,0,84103,0.0409921397608254
2025-03-21T16:32:31.977231,bid,0,84093,0.07022683487653027
2025-03-21T16:32:31.977231,ask,0,84098,0.07022691914879954
2025-03-21T16:33:31.990691,bid,0,84070,0.02621836255839598
2025-03-21T16:33:31.990691,ask,0,84075,0.026218449079182766
2025-03-21T16:34:32.002199,bid,0,84100,0.019752944777710627
2025-03-21T16:34:32.002199,ask,0,84105,0.0197530099625718
2025-03-21T16:35:32.012163,bid,0,84097,0.051775232364284295
2025-03-21T16:35:32.012163,ask,0,84102,0.05177540322292699
2025-03-21T16:36:32.024381,bid,0,84097,0.056581550878881545
2025-03-21T16:36:32.024381,ask,0,84102,0.056581737598410224
2025-03-21T16:37:32.041339,bid,0,84077,0.015388941463279392
2025-03-21T16:37:32.041339,ask,0,84082,0.015389016253777223
2025-03-21T16:38:32.059668,bid,0,84071,0.02626120716885756
2025-03-21T16:38:32.059668,ask,0,84076,0.02626133479873792
2025-03-21T16:39:32.078351,bid,0,84066,0.046026786087692645
2025-03-21T16:39:32.078351,ask,0,84071,0.046027009778597784
2025-03-21T16:40:32.100852,bid,0,84050,0.02472122359416377
2025-03-21T16:40:32.100852,ask,0,84055,0.024721343739699708
2025-03-21T16:41:32.119284,bid,0,84050,0.12234583886907545
2025-03-21T16:41:32.119284,ask,0,84055,0.12234643347177886
2025-03-21T16:42:32.138395,bid,0,84050,0.1567450190566856
2025-03-21T16:42:32.138395,ask,0,84055,0.15674578083994636
2025-03-21T16:43:32.153699,bid,0,84055,0.02844891317833652
2025-03-21T16:43:32.153699,ask,0,84060,0.02844905144050253
2025-03-21T16:44:32.166703,bid,0,84053,0.05863624743911641
2025-03-21T16:44:32.166703,ask,0,84058,0.05863653241220228
2025-03-21T16:45:32.182773,bid,0,84048,0.04439831391694189
2025-03-21T16:45:32.182773,ask,0,84053,0.04439852969344664
2025-03-21T16:46:32.197010,bid,0,84050,0.01955146824358158
2025-03-21T16:46:32.197010,ask,0,84055,0.01955158027392257
2025-03-21T16:47:32.211513,bid,0,84068,0.024615697723800664
2025-03-21T16:47:32.211513,ask,0,84073,0.024615838772287423
2025-03-21T16:48:32.225725,bid,0,84064,0.0392453102495841
2025-03-21T16:48:32.225725,ask,0,84069,0.03924553512607085
2025-03-21T16:49:32.240101,bid,0,84046,0.0297619767349828
2025-03-21T16:49:32.240101,ask,0,84051,0.029762177629229787
2025-03-21T16:49:32.240101,ask,1,84076,0.8
2025-03-21T16:50:32.261685,bid,0,84029,0.031596955041431424
2025-03-21T16:50:32.261685,ask,0,84034,0.03159716832183772
2025-03-21T16:50:32.261685,ask,1,84059,0.8
2025-03-21T16:51:32.274511,bid,0,84021,0.033498893428260346
2025-03-21T16:51:32.274511,ask,0,84026,0.03349911954680852
2025-03-21T16:51:32.274511,ask,1,84051,0.8
2025-03-21T16:52:32.285583,bid,0,84021,0.05362481668906833
2025-03-21T16:52:32.285583,ask,0,84026,0.05362517865820985
2025-03-21T16:52:32.285583,ask,1,84051,0.8
2025-03-21T16:53:32.299637,bid,0,84023,0.06797627085922732
2025-03-21T16:53:32.299637,ask,0,84028,0.06797672970112041
2025-03-21T16:53:32.299637,ask,1,84053,0.8
2025-03-21T16:54:32.311687,bid,0,84020,0.08078449552040094
2025-03-21T16:54:32.311687,ask,0,84025,0.08078504081819955
2025-03-21T16:54:32.311687,ask,1,84050,0.8
2025-03-21T16:55:32.323140,bid,0,84021,0.1460187206595519
2025-03-21T16:55:32.323140,ask,0,84026,0.1460197062903517
2025-03-21T16:55:32.323140,ask,1,84051,0.8
2025-03-21T16:56:32.336506,bid,0,84032,0.0924839543398759
2025-03-21T16:56:32.336506,ask,0,84037,0.09248457860937692
2025-03-21T16:56:32.336506,ask,1,84062,0.8
2025-03-21T16:57:32.352650,bid,0,84043,0.023339208157243087
2025-03-21T16:57:32.352650,ask,0,84048,0.023339346092506763
2025-03-21T16:58:32.370113,bid,0,84047,0.08039911144681744
2025-03-21T16:58:32.370113,ask,0,84052,0.08039958660743823
2025-03-21T16:59:32.390679,bid,0,84049,0.08044218109969281
2025-03-21T16:59:32.390679,ask,0,84054,0.08044265651485626
2025-03-21T17:00:32.412682,bid,0,84043,0.02050641968184231
2025-03-21T17:00:32.412682,ask,0,84048,0.020506433831278394
2025-03-21T17:01:32.428585,bid,0,84076,0.014372260629944759
2025-03-21T17:01:32.428585,ask,0,84081,0.014372259767609138
2025-03-21T17:02:32.447603,bid,0,84057,0.01283962584395761
2025-03-21T17:02:32.447603,ask,0,84062,0.012839630466224022
2025-03-21T17:03:32.461627,bid,0,84040,0.02545365387410716
2025-03-21T17:03:32.461627,ask,0,84045,0.025453663037424752
2025-03-21T17:04:32.476707,bid,0,84046,0.037752943829868914
2025-03-21T17:04:32.476707,ask,0,84051,0.037752957420931946
2025-03-21T17:05:32.492667,bid,0,84023,0.01998767295765312
2025-03-21T17:05:32.492667,ask,0,84028,0.01998769694287986
2025-03-21T17:06:32.505684,bid,0,84022,0.015411691719041705
2025-03-21T17:06:32.505684,ask,0,84027,0.015411710213086563
2025-03-21T17:07:32.520389,bid,0,84054,0.01411207716060381
2025-03-21T17:07:32.520389,ask,0,84059,0.014112086051216156
2025-03-21T17:08:32.532122,bid,0,84023,0.013483928242692329
2025-03-21T17:08:32.532122,ask,0,84028,0.01348394806408627
2025-03-21T17:09:32.543771,bid,0,84055,0.01
2025-03-21T17:09:32.543771,ask,0,84060,0.01
2025-03-21T17:10:32.566649,bid,0,84085,0.014032477764785096
2025-03-21T17:10:32.566649,ask,0,84090,0.014032488710123444
2025-03-21T17:11:32.581327,bid,0,84091,0.014154898761817466
2025-03-21T17:11:32.581327,ask,0,84096,0.014154916172357219
2025-03-21T17:12:32.592174,bid,0,84106,0.02180217805603504
2025-03-21T17:12:32.592174,ask,0,84111,0.02180220487273604
2025-03-21T17:13:32.607800,bid,0,84080,0.016790526546414136
2025-03-21T17:13:32.607800,ask,0,84085,0.01679055878426637
2025-03-21T17:14:32.619932,bid,0,84057,0.01
2025-03-21T17:14:32.619932,ask,0,84062,0.01
2025-03-21T17:15:32.630193,bid,0,84043,0.015977476604928285
2025-03-21T17:15:32.630193,ask,0,84048,0.015977528372064304
2025-03-21T17:16:32.649197,bid,0,84104,0.01
2025-03-21T17:16:32.649197,ask,0,84109,0.01
2025-03-21T17:17:32.667442,bid,0,84103,0.014467630246955465
2025-03-21T17:17:32.667442,ask,0,84108,0.014467668875596982
2025-03-21T17:18:32.689687,bid,0,84103,0.013206729393158059
2025-03-21T17:18:32.689687,ask,0,84108,0.013206763862781752
2025-03-21T17:19:32.710731,bid,0,84121,0.020298952614783736
2025-03-21T17:19:32.710731,ask,0,84126,0.02029900559514225
2025-03-21T17:20:32.741050,bid,0,84146,0.02208271379840858
2025-03-21T17:20:32.741050,ask,0,84151,0.022082754872307174
2025-03-21T17:21:32.757277,bid,0,84145,0.023276045815465066
2025-03-21T17:21:32.757277,ask,0,84150,0.023276089108963966
2025-03-21T17:22:32.774717,bid,0,84124,0.018276449717312335
2025-03-21T17:22:32.774717,ask,0,84129,0.01827649632233834
2025-03-21T17:23:32.788670,bid,0,84109,0.016796565316763448
2025-03-21T17:23:32.788670,ask,0,84114,0.016796598070108398
2025-03-21T17:24:32.804571,bid,0,84162,0.011531094318236835
2025-03-21T17:24:32.804571,ask,0,84167,0.011531106079961035
2025-03-21T17:25:32.817477,bid,0,84161,0.01808231238076103
2025-03-21T17:25:32.817477,ask,0,84166,0.018082339504256726
2025-03-21T17:26:32.831618,bid,0,84160,0.03196530819031577
2025-03-21T17:26:32.831618,ask,0,84165,0.03196535613832601
2025-03-21T17:27:32.842278,bid,0,84209,0.01713059500166951
2025-03-21T17:27:32.842278,ask,0,84214,0.017130582667644067
2025-03-21T17:28:32.856508,bid,0,84163,0.017730209466153495
2025-03-21T17:28:32.856508,ask,0,84168,0.017730206274715977
2025-03-21T17:29:32.871193,bid,0,84195,0.018329879058438574
2025-03-21T17:29:32.871193,ask,0,84200,0.018329875759060536
2025-03-22T13:36:45.407699,bid,0,84198,0.02629782792956131
2025-03-22T13:36:45.407699,ask,0,84203,0.02629782792956131
2025-03-22T13:37:45.421358,bid,0,84193,0.028580491357699314
2025-03-22T13:37:45.421358,ask,0,84198,0.028580491357699314
2025-03-22T13:38:45.436181,bid,0,84180,0.021576144215829422
2025-03-22T13:38:45.436181,ask,0,84185,0.021576144215829422
2025-03-22T13:39:45.451308,bid,0,84161,0.01769071057916486
2025-03-22T13:39:45.451308,ask,0,84166,0.017690722255038982
2025-03-22T13:40:45.466380,bid,0,84158,0.03210604195479167
2025-03-22T13:40:45.466380,ask,0,84163,0.032106063144788685
2025-03-22T13:41:45.480476,bid,0,84158,0.04125003672054606
2025-03-22T13:41:45.480476,ask,0,84163,0.04125006394558227
2025-03-22T13:42:45.493471,bid,0,84159,0.060896111970041536
2025-03-22T13:42:45.493471,ask,0,84164,0.06089615216149312
2025-03-22T13:43:45.508779,bid,0,84159,0.04521056930561435
2025-03-22T13:43:45.508779,ask,0,84164,0.04521059914460322
2025-03-22T13:44:45.522801,bid,0,84159,0.0588958598791393
2025-03-22T13:44:45.522801,ask,0,84164,0.05889589875042392
2025-03-22T13:45:45.542567,bid,0,84159,0.07598944199823457
2025-03-22T13:45:45.542567,ask,0,84164,0.07598949215128836
2025-03-22T13:46:45.554400,bid,0,84134,0.021656444012982622
2025-03-22T13:46:45.554400,ask,0,84139,0.02165649793761773
2025-03-22T13:47:45.566215,bid,0,84132,0.014959847414412331
2025-03-22T13:47:45.566215,ask,0,84137,0.014959884664494228
2025-03-22T13:48:45.577096,bid,0,84132,0.07206152712303199
2025-03-22T13:48:45.577096,ask,0,84137,0.07206170655653238
2025-03-22T13:49:45.587724,bid,0,84132,0.0529437006123974
2025-03-22T13:49:45.587724,ask,0,84137,0.05294383244243077
2025-03-22T13:50:45.598217,bid,0,84126,0.04208779072124198
2025-03-22T13:50:45.598217,ask,0,84131,0.042087895520014844
2025-03-22T13:51:45.607228,bid,0,84066,0.01
2025-03-22T13:51:45.607228,ask,0,84071,0.01
2025-03-22T13:52:45.616657,bid,0,84076,0.011055288826073388
2025-03-22T13:52:45.616657,ask,0,84081,0.01105532829354843
2025-03-22T13:53:45.634803,bid,0,84076,0.054309611598222333
2025-03-22T13:53:45.634803,ask,0,84081,0.05430980548399719
2025-03-22T13:54:45.652046,bid,0,84077,0.044184038833803174
2025-03-22T13:54:45.652046,ask,0,84082,0.04418419657119723
2025-03-22T13:55:45.675592,bid,0,84061,0.029684341243714055
2025-03-22T13:55:45.675592,ask,0,84066,0.029684447217064515
2025-03-22T13:56:45.693035,bid,0,84044,0.03984469558852313
2025-03-22T13:56:45.693035,ask,0,84049,0.039844880866931984
2025-03-22T13:57:45.706821,bid,0,84004,0.011906208459573756
2025-03-22T13:57:45.706821,ask,0,84009,0.011906274539275204
2025-03-22T13:58:45.722054,bid,0,83976,0.01145077245338172
2025-03-22T13:58:45.722054,ask,0,83981,0.011450839784187686
2025-03-22T13:59:45.735795,bid,0,83943,0.011913601347767191
2025-03-22T13:59:45.735795,ask,0,83948,0.01191368105011568
2025-03-22T13:59:45.735795,ask,1,83973,0.8
2025-03-22T14:00:45.749165,bid,0,83903,0.01
2025-03-22T14:00:45.749165,ask,0,83908,0.01
2025-03-22T14:00:45.749165,ask,1,83933,0.8
2025-03-22T14:01:45.760791,bid,0,83903,0.017114825035680584
2025-03-22T14:01:45.760791,ask,0,83908,0.017114940047820076
2025-03-22T14:01:45.760791,ask,1,83933,0.8
2025-03-22T14:02:45.776055,bid,0,83891,0.024074771505390176
2025-03-22T14:02:45.776055,ask,0,83896,0.02407493328857948
2025-03-22T14:02:45.776055,ask,1,83921,0.8
2025-03-22T14:03:45.789111,bid,0,83861,0.01
2025-03-22T14:03:45.789111,ask,0,83866,0.01
2025-03-22T14:03:45.789111,ask,1,83891,0.8
2025-03-22T14:04:45.801783,bid,0,83914,0.018554605733893836
2025-03-22T14:04:45.801783,ask,0,83919,0.018554743224201527
2025-03-22T14:04:45.801783,ask,1,83944,0.8
2025-03-22T14:05:45.824522,bid,0,83909,0.017524515917118257
2025-03-22T14:05:45.824522,ask,0,83914,0.017524654712017158
2025-03-22T14:05:45.824522,ask,1,83939,0.8
2025-03-22T14:06:45.835927,bid,0,83927,0.023786943390367583
2025-03-22T14:06:45.835927,ask,0,83932,0.023787131783953953
2025-03-22T14:06:45.835927,ask,1,83957,0.8
2025-03-22T14:07:45.848202,bid,0,83941,0.034689862443252846
2025-03-22T14:07:45.848202,ask,0,83946,0.03469013718841405
2025-03-22T14:07:45.848202,ask,1,83971,0.8
2025-03-22T14:08:45.857720,bid,0,83954,0.020429995401345713
2025-03-22T14:08:45.857720,ask,0,83959,0.020430157207763627
2025-03-22T14:08:45.857720,ask,1,83984,0.8
2025-03-22T14:09:45.873659,bid,0,83972,0.023579933430400983
2025-03-22T14:09:45.873659,ask,0,83977,0.02358012018445981
2025-03-22T14:09:45.873659,ask,1,84002,0.8
2025-03-22T14:10:45.882249,bid,0,83970,0.04411002643060473
2025-03-22T14:10:45.882249,ask,0,83975,0.044110375783858645
2025-03-22T14:10:45.882249,ask,1,84000,0.8
2025-03-22T14:11:45.900870,bid,0,84045,0.01
2025-03-22T14:11:45.900870,ask,0,84050,0.01
2025-03-22T14:12:45.919788,bid,0,84042,0.013558083644900206
2025-03-22T14:12:45.919788,ask,0,84047,0.013558148723909955
2025-03-22T14:13:45.938183,bid,0,84057,0.04300587199026398
2025-03-22T14:13:45.938183,ask,0,84062,0.04300607841911011
2025-03-22T14:14:45.954877,bid,0,84062,0.0326695856225401
2025-03-22T14:14:45.954877,ask,0,84067,0.03266974243705289
2025-03-22T14:15:45.979721,bid,0,84060,0.02725745249481761
2025-03-22T14:15:45.979721,ask,0,84065,0.02725758333100826
2025-03-22T14:16:45.995874,bid,0,84072,0.022244243043337966
2025-03-22T14:16:45.995874,ask,0,84077,0.022244349816046245
2025-03-22T14:17:46.014236,bid,0,84043,0.012031236791342872
2025-03-22T14:17:46.014236,ask,0,84048,0.012031299955557101
2025-03-22T14:18:46.031263,bid,0,84041,0.04329471838849673
2025-03-22T14:18:46.031263,ask,0,84046,0.043294945686563814
2025-03-22T14:19:46.044122,bid,0,84042,0.05594589497151244
2025-03-22T14:19:46.044122,ask,0,84047,0.05594618868848906
2025-03-22T14:20:46.058909,bid,0,84037,0.05933701140995283
2025-03-22T14:20:46.058909,ask,0,84042,0.059337322930353056
2025-03-22T14:21:46.074092,bid,0,84037,0.07771110028730906
2025-03-22T14:21:46.074092,ask,0,84042,0.07771150827201352
2025-03-22T14:22:46.090235,bid,0,84036,0.08052891484543193
2025-03-22T14:22:46.090235,ask,0,84041,0.0805293376237146
2025-03-22T14:23:46.104175,bid,0,84037,0.15445324164581514
2025-03-22T14:23:46.104175,ask,0,84042,0.15445405252817188
2025-03-22T14:24:46.116243,bid,0,84014,0.024268058373106874
2025-03-22T14:24:46.116243,ask,0,84019,0.02426821344666049
2025-03-22T14:24:46.116243,ask,1,84044,0.8
2025-03-22T14:25:46.141024,bid,0,84011,0.022707753871404543
2025-03-22T14:25:46.141024,ask,0,84016,0.02270789897456992
2025-03-22T14:25:46.141024,ask,1,84041,0.8
2025-03-22T14:26:46.152493,bid,0,84013,0.05593061055389268
2025-03-22T14:26:46.152493,ask,0,84018,0.05593096795201663
2025-03-22T14:26:46.152493,ask,1,84043,0.8
2025-03-22T14:27:46.165057,bid,0,84013,0.05781668639115047
2025-03-22T14:27:46.165057,ask,0,84018,0.057817055841350364
2025-03-22T14:27:46.165057,ask,1,84043,0.8
2025-03-22T14:28:46.176272,bid,0,84026,0.03924856376793843
2025-03-22T14:28:46.176272,ask,0,84031,0.03924881456732931
2025-03-22T14:28:46.176272,ask,1,84056,0.8
2025-03-22T14:29:46.187494,bid,0,84029,0.08452106684643293
2025-03-22T14:29:46.187494,ask,0,84034,0.08452160693835087
2025-03-22T14:29:46.187494,ask,1,84059,0.8
2025-03-22T14:30:46.197686,bid,0,84032,0.10595286034482851
2025-03-22T14:30:46.197686,ask,0,84037,0.1059535373864903
2025-03-22T14:30:46.197686,ask,1,84062,0.8
2025-03-22T14:31:46.229054,bid,0,84040,0.053631231056853246
2025-03-22T14:31:46.229054,ask,0,84045,0.05363157376187962
2025-03-22T14:31:46.229054,ask,1,84070,0.8
2025-03-22T14:32:46.246116,bid,0,84042,0.0897836540435082
2025-03-22T14:32:46.246116,ask,0,84047,0.08978422776350159
2025-03-22T14:32:46.246116,ask,1,84072,0.8
2025-03-22T14:33:46.270163,bid,0,84043,0.08530828816586912
2025-03-22T14:33:46.270163,ask,0,84048,0.08530883328815272
2025-03-22T14:33:46.270163,ask,1,84073,0.8
2025-03-22T14:34:46.286207,bid,0,84042,0.16457169261187177
2025-03-22T14:34:46.286207,ask,0,84047,0.16457274422946744
2025-03-22T14:34:46.286207,ask,1,84072,0.8
2025-03-22T14:35:46.312793,bid,0,84039,0.081951230574164
2025-03-22T14:35:46.312793,ask,0,84044,0.08195175424475819
2025-03-22T14:35:46.312793,ask,1,84069,0.8
2025-03-22T14:36:46.327258,bid,0,84039,0.060947503151289516
2025-03-22T14:36:46.327258,ask,0,84044,0.060947892607493726
2025-03-22T14:36:46.327258,ask,1,84069,0.8
2025-03-22T14:37:46.345242,bid,0,84003,0.01813208147231064
2025-03-22T14:37:46.345242,ask,0,84008,0.018132247381868156
2025-03-22T14:37:46.345242,ask,1,84033,0.8
2025-03-22T14:38:46.361940,bid,0,83992,0.05488833483842811
2025-03-22T14:38:46.361940,ask,0,83997,0.05488897539027916
2025-03-22T14:38:46.361940,ask,1,84022,0.8
2025-03-22T14:39:46.374772,bid,0,83987,0.05072365121451793
2025-03-22T14:39:46.374772,ask,0,83992,0.05072424316413297
2025-03-22T14:39:46.374772,ask,1,84017,0.8
2025-03-22T15:03:00.486580,bid,0,83987,0.012140795645248937
2025-03-22T15:03:00.486580,ask,0,83992,0.012140806207747275
2025-03-22T15:04:00.495530,bid,0,83983,0.05546041427685341
2025-03-22T15:04:00.495530,ask,0,83988,0.055460462527441814
2025-03-22T15:05:00.504994,bid,0,83983,0.013599191176425085
2025-03-22T15:05:00.504994,ask,0,83988,0.013599194032255632
2025-03-22T15:06:00.519691,bid,0,84000,0.016933413034762007
2025-03-22T15:06:00.519691,ask,0,84005,0.016933416590779245
2025-03-22T15:07:00.536551,bid,0,84011,0.0328317354294185
2025-03-22T15:07:00.536551,ask,0,84016,0.03283174232408391
2025-03-22T15:08:00.553615,bid,0,84010,0.013881411881563891
2025-03-22T15:08:00.553615,ask,0,84015,0.0138814089664676
2025-03-22T15:09:00.571810,bid,0,84015,0.04462085002423719
2025-03-22T15:09:00.571810,ask,0,84020,0.044620840653859344
2025-03-22T15:10:00.586525,bid,0,84019,0.037000141336558
2025-03-22T15:10:00.586525,ask,0,84024,0.037000133566528856
2025-03-22T15:11:00.602134,bid,0,84018,0.04683918259305451
2025-03-22T15:11:00.602134,ask,0,84023,0.04683917275682685
2025-03-22T15:12:00.626625,bid,0,84018,0.17215431260476605
2025-03-22T15:12:00.626625,ask,0,84023,0.17215427645236292
2025-03-22T15:13:00.642012,bid,0,84020,0.11814283246719343
2025-03-22T15:13:00.642012,ask,0,84025,0.11814280765720034
2025-03-22T15:14:00.654570,bid,0,84016,0.07156915229531567
2025-03-22T15:14:00.654570,ask,0,84021,0.07156913726579474
2025-03-22T15:15:00.667929,bid,0,84043,0.017296492309385323
2025-03-22T15:15:00.667929,ask,0,84048,0.017296457543459078
2025-03-22T15:16:00.683679,bid,0,84042,0.027899188995832186
2025-03-22T15:16:00.683679,ask,0,84047,0.02789913291849988
2025-03-22T15:17:00.697239,bid,0,84048,0.03555553921853541
2025-03-22T15:17:00.697239,ask,0,84053,0.03555546775194947
2025-03-22T15:18:00.711303,bid,0,84061,0.026355197413458323
2025-03-22T15:18:00.711303,ask,0,84066,0.02635514443954702
2025-03-22T15:19:00.721192,bid,0,84059,0.0374461711791637
2025-03-22T15:19:00.721192,ask,0,84064,0.037446095912410056
2025-03-22T15:20:00.735412,bid,0,84063,0.05701869991702333
2025-03-22T15:20:00.735412,ask,0,84068,0.057018585309513294
2025-03-22T15:21:00.747744,bid,0,84065,0.046325917646097094
2025-03-22T15:21:00.747744,ask,0,84070,0.04632582453106501
2025-03-22T15:22:00.766352,bid,0,84059,0.05729682337512094
2025-03-22T15:22:00.766352,ask,0,84064,0.057296708208583125
2025-03-22T15:23:00.775730,bid,0,84055,0.04666706862636191
2025-03-22T15:23:00.775730,ask,0,84060,0.046666974825616825
2025-03-22T15:24:00.785818,bid,0,84054,0.12455701677983619
2025-03-22T15:24:00.785818,ask,0,84059,0.12455676642040021
2025-03-22T15:25:00.801222,bid,0,84052,0.06346866835452893
2025-03-22T15:25:00.801222,ask,0,84057,0.06346854078259102
2025-03-22T15:26:00.820396,bid,0,84017,0.010467436874749617
2025-03-22T15:26:00.820396,ask,0,84022,0.010467435932680326
2025-03-22T15:27:00.836773,bid,0,84018,0.10595269548438263
2025-03-22T15:27:00.836773,ask,0,84023,0.10595268594864032
2025-03-22T15:28:00.855197,bid,0,84016,0.07947531071425402
2025-03-22T15:28:00.855197,ask,0,84021,0.07947530356147628
2025-03-22T15:29:00.874208,bid,0,84014,0.05668975538912483
2025-03-22T15:29:00.874208,ask,0,84019,0.056689750287046994
2025-03-22T15:30:00.888847,bid,0,84003,0.032173200835314913
2025-03-22T15:30:00.888847,ask,0,84008,0.03217330893751187
2025-03-22T15:31:00.905111,bid,0,84000,0.1421706104192648
2025-03-22T15:31:00.905111,ask,0,84005,0.14217108811358586
2025-03-22T15:32:00.927938,bid,0,84005,0.06343745910215565
2025-03-22T15:32:00.927938,ask,0,84010,0.06343767225249569
2025-03-22T15:33:00.943845,bid,0,84003,0.06849045029508559
2025-03-22T15:33:00.943845,ask,0,84008,0.06849068042351407
2025-03-22T15:34:00.962349,bid,0,84019,0.03963630555636836
2025-03-22T15:34:00.962349,ask,0,84024,0.039636438734653355
2025-03-22T15:35:00.976537,bid,0,84003,0.022030001239275964
2025-03-22T15:35:00.976537,ask,0,84008,0.02203007526024594
2025-03-22T15:36:00.992516,bid,0,83992,0.018558632352146484
2025-03-22T15:36:00.992516,ask,0,83997,0.01855869470929087
2025-03-22T15:37:01.007899,bid,0,83994,0.058776577072039496
2025-03-22T15:37:01.007899,ask,0,83999,0.05877677456178084
2025-03-22T15:38:01.020436,bid,0,83992,0.063545319243723
2025-03-22T15:38:01.020436,ask,0,83997,0.06354553275647394
2025-03-22T15:39:01.033611,bid,0,83992,0.1196541204087771
2025-03-22T15:39:01.033611,ask,0,83997,0.11965452244752225
2025-03-22T15:40:01.046361,bid,0,83993,0.143756522469735
2025-03-22T15:40:01.046361,ask,0,83998,0.1437570054927325
2025-03-22T15:41:01.057839,bid,0,83994,0.07333965980746507
2025-03-22T15:41:01.057839,ask,0,83999,0.07333990622927401
2025-03-22T15:42:01.079431,bid,0,83995,0.07816404647139234
2025-03-22T15:42:01.079431,ask,0,84000,0.07816430910317679
2025-03-22T15:43:01.090194,bid,0,83993,0.07246254991916158
2025-03-22T15:43:01.090194,ask,0,83998,0.07246279339387471
2025-03-22T15:44:01.102948,bid,0,84012,0.026703788325551776
2025-03-22T15:44:01.102948,ask,0,84017,0.026703878050481536
2025-03-22T15:45:01.126518,bid,0,84013,0.09238628444915385
2025-03-22T15:45:01.126518,ask,0,84018,0.09238659486776495
2025-03-22T15:46:01.143961,bid,0,83995,0.028542565865288413
2025-03-22T15:46:01.143961,ask,0,84000,0.028542733696233603
2025-03-22T15:47:01.164793,bid,0,83993,0.09098968854153683
2025-03-22T15:47:01.164793,ask,0,83998,0.09099022356300275
2025-03-22T15:48:01.181108,bid,0,83975,0.02405106410483651
2025-03-22T15:48:01.181108,ask,0,83980,0.0240512682995265
2025-03-22T15:48:01.181108,ask,1,84005,0.8
2025-03-22T15:49:01.195964,bid,0,83981,0.04729552521825553
2025-03-22T15:49:01.195964,ask,0,83986,0.04729592675953735
2025-03-22T15:49:01.195964,ask,1,84011,0.8
2025-03-22T15:50:01.212244,bid,0,83982,0.0455912149803913
2025-03-22T15:50:01.212244,ask,0,83987,0.045591602051997304
2025-03-22T15:50:01.212244,ask,1,84012,0.8
2025-03-22T15:51:01.231597,bid,0,83977,0.028531713151960708
2025-03-22T15:51:01.231597,ask,0,83982,0.028531955387576417
2025-03-22T15:51:01.231597,ask,1,84007,0.8
2025-03-22T15:52:01.256221,bid,0,83957,0.0240210861942897
2025-03-22T15:52:01.256221,ask,0,83962,0.024021290134465786
2025-03-22T15:52:01.256221,ask,1,83987,0.8
2025-03-22T15:53:01.269673,bid,0,83961,0.04444247668904062
2025-03-22T15:53:01.269673,ask,0,83966,0.044442854007803324
2025-03-22T15:53:01.269673,ask,1,83991,0.8
2025-03-22T15:54:01.286674,bid,0,83960,0.04886768587266035
2025-03-22T15:54:01.286674,ask,0,83965,0.048868100761661676
2025-03-22T15:54:01.286674,ask,1,83990,0.8
2025-03-22T15:55:01.303871,bid,0,83959,0.05822094907680809
2025-03-22T15:55:01.303871,ask,0,83964,0.05822144337546348
2025-03-22T15:55:01.303871,ask,1,83989,0.8
2025-03-22T15:56:01.317235,bid,0,83961,0.06865921458700207
2025-03-22T15:56:01.317235,ask,0,83966,0.06865979750703324
2025-03-22T15:56:01.317235,ask,1,83991,0.8
2025-03-22T15:57:01.332552,bid,0,83960,0.060727747126649814
2025-03-22T15:57:01.332552,ask,0,83965,0.060728262708141106
2025-03-22T15:57:01.332552,ask,1,83990,0.8
2025-03-22T15:58:01.345126,bid,0,83959,0.1999977360064071
2025-03-22T15:58:01.345126,ask,0,83964,0.19999943399679643
2025-03-22T15:58:01.345126,ask,1,83989,0.8
2025-03-22T15:59:01.359950,bid,0,83962,0.145639224880397
2025-03-22T15:59:01.359950,ask,0,83967,0.14564046136441472
2025-03-22T15:59:01.359950,ask,1,83992,0.8
2025-03-22T16:00:01.371355,bid,0,83958,0.08042147668445773
2025-03-22T16:00:01.371355,ask,0,83963,0.08042215946665933
2025-03-22T16:00:01.371355,ask,1,83988,0.8
2025-03-22T16:01:01.382527,bid,0,83958,0.09040447123799768
2025-03-22T16:01:01.382527,ask,0,83963,0.09040523877630274
2025-03-22T16:01:01.382527,ask,1,83988,0.8
2025-03-22T16:02:01.400896,bid,0,83958,0.05562782923578356
2025-03-22T16:02:01.400896,ask,0,83963,0.05562830151872689
2025-03-22T16:02:01.400896,ask,1,83988,0.8
2025-03-22T16:03:01.414189,bid,0,83951,0.03902154874142567
2025-03-22T16:03:01.414189,ask,0,83956,0.03902188003624961
2025-03-22T16:03:01.414189,ask,1,83981,0.8
2025-03-22T16:04:01.430033,bid,0,83929,0.02261414798140956
2025-03-22T16:04:01.430033,ask,0,83934,0.02261433997661261
2025-03-22T16:04:01.430033,ask,1,83959,0.8
2025-03-22T16:05:01.448505,bid,0,83927,0.06898212005010841
2025-03-22T16:05:01.448505,ask,0,83932,0.06898270571162247
2025-03-22T16:05:01.448505,ask,1,83957,0.8
2025-03-22T16:06:01.466764,bid,0,83892,0.02203717642570505
2025-03-22T16:06:01.466764,ask,0,83897,0.02203740913992641
2025-03-22T16:06:01.466764,ask,1,83922,0.8
2025-03-22T16:07:01.483300,bid,0,83862,0.014947452124940218
2025-03-22T16:07:01.483300,ask,0,83867,0.01494761983660754
2025-03-22T16:07:01.483300,ask,1,83892,0.8
2025-03-22T16:08:01.504177,bid,0,83850,0.02048035429918779
2025-03-22T16:08:01.504177,ask,0,83855,0.02048058409048186
2025-03-22T16:08:01.504177,ask,1,83880,0.8
2025-03-22T16:09:01.522588,bid,0,83852,0.027873829136076084
2025-03-22T16:09:01.522588,ask,0,83857,0.02787414188277833
2025-03-22T16:09:01.522588,ask,1,83882,0.8
2025-03-22T16:10:01.540651,bid,0,83868,0.022825098888372714
2025-03-22T16:10:01.540651,ask,0,83873,0.022825354987897863
2025-03-22T16:10:01.540651,ask,1,83898,0.8
2025-03-22T16:11:01.560584,bid,0,83866,0.07179926925279774
2025-03-22T16:11:01.560584,ask,0,83871,0.0718000748466246
2025-03-22T16:11:01.560584,ask,1,83896,0.8
2025-03-22T16:12:01.578027,bid,0,83885,0.019219463912189323
2025-03-22T16:12:01.578027,ask,0,83890,0.019219679556187433
2025-03-22T16:12:01.578027,ask,1,83915,0.8
2025-03-22T16:13:01.595505,bid,0,83882,0.029625726362088337
2025-03-22T16:13:01.595505,ask,0,83887,0.02962605876522449
2025-03-22T16:13:01.595505,ask,1,83912,0.8
2025-03-22T16:14:01.610184,bid,0,83871,0.040916133034107446
2025-03-22T16:14:01.610184,ask,0,83876,0.040916592116554025
2025-03-22T16:14:01.610184,ask,1,83901,0.8
2025-03-22T17:44:15.965335,bid,0,84030,0.04407845458158907
2025-03-22T17:44:15.965335,ask,0,84035,0.04407845458158907
2025-03-22T17:45:15.977741,bid,0,84027,0.035102501860498334
2025-03-22T17:45:15.977741,ask,0,84032,0.035102501860498334
2025-03-22T17:46:15.994407,bid,0,83991,0.017407491532008504
2025-03-22T17:46:15.994407,ask,0,83996,0.017407520776627033
2025-03-22T17:47:16.007463,bid,0,84000,0.038469221717164714
2025-03-22T17:47:16.007463,ask,0,84005,0.03846928634552958
2025-03-22T17:48:16.020266,bid,0,84010,0.022822307629799587
2025-03-22T17:48:16.020266,ask,0,84015,0.022822345971319345
2025-03-22T17:49:16.035878,bid,0,84009,0.03431815150443832
2025-03-22T17:49:16.035878,ask,0,84014,0.034318209158997415
2025-03-22T17:50:16.046562,bid,0,83999,0.0376706760048389
2025-03-22T17:50:16.046562,ask,0,84004,0.03767081727022708
2025-03-22T17:51:16.058157,bid,0,83987,0.02069004454488944
2025-03-22T17:51:16.058157,ask,0,83992,0.02069014137460002
2025-03-22T17:52:16.074465,bid,0,83995,0.02780135484072461
2025-03-22T17:52:16.074465,ask,0,84000,0.02780148495147121
2025-03-22T17:53:16.094152,bid,0,83984,0.0371773636392708
2025-03-22T17:53:16.094152,ask,0,83989,0.03717756885907329
2025-03-22T17:54:16.105983,bid,0,83978,0.013530262214624722
2025-03-22T17:54:16.105983,ask,0,83983,0.013530358009333353
2025-03-22T17:54:16.105983,ask,1,84008,0.8
2025-03-22T17:55:16.120575,bid,0,83991,0.03540325264038057
2025-03-22T17:55:16.120575,ask,0,83996,0.035403503296592365
2025-03-22T17:55:16.120575,ask,1,84021,0.8
2025-03-22T17:56:16.133405,bid,0,83993,0.030771845342750275
2025-03-22T17:56:16.133405,ask,0,83998,0.03077206320844363
2025-03-22T17:56:16.133405,ask,1,84023,0.8
2025-03-22T17:57:16.144406,bid,0,83999,0.05169246735473541
2025-03-22T17:57:16.144406,ask,0,84004,0.05169283333913172
2025-03-22T17:57:16.144406,ask,1,84029,0.8
2025-03-22T17:58:16.156185,bid,0,83998,0.09969645939843823
2025-03-22T17:58:16.156185,ask,0,84003,0.0996971652527024
2025-03-22T17:58:16.156185,ask,1,84028,0.8
2025-03-22T17:59:16.164867,bid,0,84000,0.06608967625890276
2025-03-22T17:59:16.164867,ask,0,84005,0.06609014417601924
2025-03-22T17:59:16.164867,ask,1,84030,0.8
2025-03-24T10:56:28.345624,bid,0,88392,0.010343057242398108
2025-03-24T10:56:28.345624,ask,0,88397,0.010343087961338942
2025-03-24T10:57:28.357404,bid,0,88459,0.015090236640946095
2025-03-24T10:57:28.357404,ask,0,88464,0.015090281459037657
2025-03-24T10:58:28.366752,bid,0,88462,0.02619025264264881
2025-03-24T10:58:28.366752,ask,0,88467,0.026190342999228244
2025-03-24T10:59:28.380121,bid,0,88454,0.015597244940714442
2025-03-24T10:59:28.380121,ask,0,88459,0.015597321679411255
2025-03-24T11:00:28.391114,bid,0,88468,0.017749261860857696
2025-03-24T11:00:28.391114,ask,0,88473,0.017749358239698493
2025-03-24T11:01:28.403077,bid,0,88439,0.01182893795958971
2025-03-24T11:01:28.403077,ask,0,88444,0.011829017095537605
2025-03-24T11:02:28.418391,bid,0,88370,0.015102533967351678
2025-03-24T11:02:28.418391,ask,0,88375,0.015102656298537402
2025-03-24T11:02:28.418391,ask,1,88400,0.8
2025-03-24T11:03:28.433006,bid,0,88398,0.012718362126913007
2025-03-24T11:03:28.433006,ask,0,88403,0.012718458659770006
2025-03-24T11:03:28.433006,ask,1,88428,0.8
2025-03-24T11:04:28.446522,bid,0,88392,0.015529169912166707
2025-03-24T11:04:28.446522,ask,0,88397,0.015529282654485941
2025-03-24T11:04:28.446522,ask,1,88422,0.8
2025-03-24T11:05:28.514557,bid,0,88459,0.010464187023185814
2025-03-24T11:05:28.514557,ask,0,88464,0.010464254831410655
2025-03-24T11:06:28.532528,bid,0,88459,0.019606044985397215
2025-03-24T11:06:28.532528,ask,0,88464,0.019606184385037813
2025-03-24T11:06:28.532528,ask,1,88489,0.8
2025-03-24T11:07:28.548603,bid,0,88363,0.013481569396190055
2025-03-24T11:07:28.548603,ask,0,88368,0.013481693562206572
2025-03-24T11:07:28.548603,ask,1,88393,0.8
2025-03-24T11:08:28.564073,bid,0,88301,0.012797921333369615
2025-03-24T11:08:28.564073,ask,0,88306,0.012798061471631225
2025-03-24T11:08:28.564073,ask,1,88331,0.8
2025-03-24T11:31:35.472011,bid,0,88334,0.01
2025-03-24T11:31:35.472011,ask,0,88339,0.01
2025-03-24T11:32:35.482885,bid,0,88235,0.01
2025-03-24T11:32:35.482885,ask,0,88240,0.01
2025-03-24T11:33:35.506413,bid,0,88231,0.010116935120470799
2025-03-24T11:33:35.506413,ask,0,88236,0.010116937245027472
2025-03-24T11:34:35.522155,bid,0,88189,0.0160752185228985
2025-03-24T11:34:35.522155,ask,0,88194,0.016075230579318422
2025-03-24T11:35:35.543580,bid,0,88174,0.011341235850715758
2025-03-24T11:35:35.543580,ask,0,88179,0.011341250480922589
2025-03-24T11:36:35.560482,bid,0,88198,0.011299544858792542
2025-03-24T11:36:35.560482,ask,0,88203,0.011299559435217946
2025-03-24T11:37:35.577080,bid,0,88229,0.011357600783241039
2025-03-24T11:37:35.577080,ask,0,88234,0.011357607257075944
2025-03-24T11:38:35.593169,bid,0,88261,0.01
2025-03-24T11:38:35.593169,ask,0,88266,0.01
2025-03-24T11:39:35.607033,bid,0,88254,0.01945340927957586
2025-03-24T11:39:35.607033,ask,0,88259,0.019453425620448807
2025-03-24T11:40:35.626486,bid,0,88430,0.01
2025-03-24T11:40:35.626486,ask,0,88435,0.01
2025-03-24T11:41:35.643367,bid,0,88532,0.01
2025-03-24T11:41:35.643367,ask,0,88537,0.01
2025-03-24T11:42:35.658366,bid,0,88489,0.013279955400947589
2025-03-24T11:42:35.658366,ask,0,88494,0.01327993309063501
2025-03-24T11:43:35.671385,bid,0,88495,0.01
2025-03-24T11:43:35.671385,ask,0,88500,0.01
2025-03-24T11:44:35.684425,bid,0,88522,0.010483648361699432
2025-03-24T11:44:35.684425,ask,0,88527,0.01048363106368915
2025-03-24T11:45:35.695341,bid,0,88520,0.014140960024183427
2025-03-24T11:45:35.695341,ask,0,88525,0.01414094263080973
2025-03-24T11:46:35.705842,bid,0,88471,0.01
2025-03-24T11:46:35.705842,ask,0,88476,0.01
2025-03-24T11:47:35.718958,bid,0,88499,0.01
2025-03-24T11:47:35.718958,ask,0,88504,0.01
2025-03-24T11:48:35.731510,bid,0,88493,0.01
2025-03-24T11:48:35.731510,ask,0,88498,0.01
2025-03-24T11:49:35.749457,bid,0,88476,0.01939109349453111
2025-03-24T11:49:35.749457,ask,0,88481,0.019391098148394292
2025-03-24T11:50:35.776138,bid,0,88501,0.01009687206533854
2025-03-24T11:50:35.776138,ask,0,88506,0.01009688236415505
2025-03-24T11:51:35.794148,bid,0,88412,0.01
2025-03-24T11:51:35.794148,ask,0,88417,0.01
2025-03-24T11:52:35.813781,bid,0,88404,0.018906627240241527
2025-03-24T11:52:35.813781,ask,0,88409,0.018906686229041212
2025-03-24T11:53:35.829174,bid,0,88425,0.010366951020296953
2025-03-24T11:53:35.829174,ask,0,88430,0.010366986164340336
2025-03-24T11:54:35.844323,bid,0,88446,0.015892563692019475
2025-03-24T11:54:35.844323,ask,0,88451,0.015892622335723763
2025-03-24T11:55:35.856179,bid,0,88531,0.01
2025-03-24T11:55:35.856179,ask,0,88536,0.01
2025-03-24T11:56:35.871444,bid,0,88548,0.020579503696019207
2025-03-24T11:56:35.871444,ask,0,88553,0.020579573460694407
2025-03-24T11:57:35.886209,bid,0,88537,0.014614910637607722
2025-03-24T11:57:35.886209,ask,0,88542,0.014614982104753723
2025-03-24T11:58:35.899192,bid,0,88530,0.021964850170161088
2025-03-24T11:58:35.899192,ask,0,88535,0.021964966803928374
2025-03-24T11:59:35.912606,bid,0,88502,0.013886304061740627
2025-03-24T11:59:35.912606,ask,0,88507,0.013886394878565154
2025-03-24T12:25:06.868417,bid,0,88425,0.01525035355530313
2025-03-24T12:25:06.868417,ask,0,88430,0.015250447345362033
2025-03-24T12:26:06.884908,bid,0,88390,0.01
2025-03-24T12:26:06.884908,ask,0,88395,0.01
2025-03-24T12:26:06.884908,ask,1,88420,0.8
2025-03-24T12:27:06.899071,bid,0,88322,0.013394236700442316
2025-03-24T12:27:06.899071,ask,0,88327,0.013394358052959791
2025-03-24T12:27:06.899071,ask,1,88352,0.8
2025-03-24T12:28:06.931104,bid,0,88349,0.01
2025-03-24T12:28:06.931104,ask,0,88354,0.01
2025-03-24T12:28:06.931104,ask,1,88379,0.8
2025-03-24T12:29:06.948588,bid,0,88382,0.011959701091853967
2025-03-24T12:29:06.948588,ask,0,88387,0.011959806935833109
2025-03-24T12:29:06.948588,ask,1,88412,0.8
2025-03-24T12:30:06.962637,bid,0,88384,0.017590570305750827
2025-03-24T12:30:06.962637,ask,0,88389,0.01759073284362168
2025-03-24T12:30:06.962637,ask,1,88414,0.8
2025-03-24T12:43:07.153300,bid,0,88025,0.013013080137507025
2025-03-24T12:43:07.153300,ask,0,88030,0.013013080137507025
2025-03-24T12:44:07.178720,bid,0,88067,0.010894244123636094
2025-03-24T12:44:07.178720,ask,0,88072,0.010894244123636094
2025-03-24T12:45:07.196598,bid,0,88073,0.01849992118482026
2025-03-24T12:45:07.196598,ask,0,88078,0.01849992118482026
2025-03-24T12:46:07.209881,bid,0,88015,0.01
2025-03-24T12:46:07.209881,ask,0,88020,0.01
2025-03-24T12:47:07.226235,bid,0,88121,0.010635990153849247
2025-03-24T12:47:07.226235,ask,0,88126,0.010635990472928958
2025-03-24T12:48:07.243776,bid,0,88251,0.01
2025-03-24T12:48:07.243776,ask,0,88256,0.01
2025-03-24T12:49:07.257929,bid,0,88209,0.022243157361220674
2025-03-24T12:49:07.257929,ask,0,88214,0.02224318605491835
2025-03-24T12:50:07.274525,bid,0,88201,0.011726344240983837
2025-03-24T12:50:07.274525,ask,0,88206,0.01172636007156281
2025-03-24T12:51:07.289682,bid,0,88238,0.01
2025-03-24T12:51:07.289682,ask,0,88243,0.01
2025-03-24T12:52:07.303126,bid,0,88207,0.018916577125367876
2025-03-24T12:52:07.303126,ask,0,88212,0.018916644090208934
2025-03-24T12:53:07.314905,bid,0,88203,0.01393190050351257
2025-03-24T12:53:07.314905,ask,0,88208,0.013931949822556744
2025-03-24T12:54:07.335785,bid,0,88257,0.01
2025-03-24T12:54:07.335785,ask,0,88262,0.01
2025-03-24T12:55:07.347502,bid,0,88326,0.011464546401353557
2025-03-24T12:55:07.347502,ask,0,88331,0.01146459145713896
2025-03-24T12:56:07.358794,bid,0,88252,0.019463195865328537
2025-03-24T12:56:07.358794,ask,0,88257,0.019463272355888694
2025-03-24T12:57:07.370456,bid,0,88263,0.01378309215403592
2025-03-24T12:57:07.370456,ask,0,88268,0.01378317278543948
2025-03-24T12:58:07.382157,bid,0,88242,0.013388608586075046
2025-03-24T12:58:07.382157,ask,0,88247,0.013388692131340172
2025-03-24T12:59:07.397849,bid,0,88279,0.01
2025-03-24T12:59:07.397849,ask,0,88284,0.01
2025-03-24T12:59:07.397849,ask,1,88309,0.8
2025-03-24T16:21:05.129906,bid,0,87296,0.00927169
2025-03-24T16:21:05.129906,ask,0,87298,0.00950424
2025-03-24T16:22:05.141758,bid,0,87269,0.00927337
2025-03-24T16:22:05.141758,ask,0,87270,0.00950596
2025-03-24T16:23:05.154368,bid,0,87252,0.00963622
2025-03-24T16:23:05.154368,ask,0,87254,0.00987791
2025-03-24T16:24:05.166504,bid,0,87227,0.00861081
2025-03-24T16:24:05.166504,ask,0,87229,0.00882678
2025-03-24T16:25:05.176154,bid,0,87213,0.00924661
2025-03-24T16:25:05.176154,ask,0,87214,0.00947853
2025-03-24T16:26:05.189296,bid,0,87200,0.0091219
2025-03-24T16:26:05.189296,ask,0,87202,0.00935069
2025-03-24T16:27:05.261624,bid,0,87189,0.00905446
2025-03-24T16:27:05.261624,ask,0,87191,0.0096166
2025-03-24T16:28:05.273585,bid,0,87189,0.00953716
2025-03-24T16:28:05.273585,ask,0,87191,0.01012928
2025-03-24T16:29:05.300211,bid,0,87186,0.0088334
2025-03-24T16:29:05.300211,ask,0,87188,0.00938182
2025-03-24T17:27:35.082972,bid,0,87612,0.00967743
2025-03-24T17:27:35.082972,ask,0,87614,0.00957718
2025-03-24T17:28:35.098865,bid,0,87582,0.00973985
2025-03-24T17:28:35.098865,ask,0,87583,0.00963896
2025-03-24T17:29:35.115313,bid,0,87563,0.00960581
2025-03-24T17:29:35.115313,ask,0,87565,0.00950631
2025-03-24T17:30:35.132914,bid,0,87548,0.00921411
2025-03-24T17:30:35.132914,ask,0,87550,0.0092261
2025-03-24T17:31:35.150422,bid,0,87548,0.00921411
2025-03-24T17:31:35.150422,ask,0,87550,0.0092261
2025-03-24T17:32:35.164362,bid,0,87527,0.00958143
2025-03-24T17:32:35.164362,ask,0,87529,0.00959389
2025-03-24T17:33:35.177285,bid,0,87516,0.0097737
2025-03-24T17:33:35.177285,ask,0,87518,0.00978642
2025-03-24T17:34:35.188685,bid,0,87515,0.00956874
2025-03-24T17:34:35.188685,ask,0,87517,0.00958119
2025-03-24T17:35:35.216931,bid,0,87515,0.00971732
2025-03-24T17:35:35.216931,ask,0,87517,0.00972997
2025-03-24T17:36:35.251110,bid,0,87515,0.00971732
2025-03-24T17:36:35.251110,ask,0,87517,0.00972997
2025-03-24T17:37:36.344035,bid,0,87529,0.00975271
2025-03-24T17:37:36.344035,ask,0,87531,0.0097654
2025-03-24T17:38:36.360154,bid,0,87537,0.00950573
2025-03-24T17:38:36.360154,ask,0,87539,0.00951809
2025-03-24T17:39:36.383211,bid,0,87543,0.00956943
2025-03-24T17:39:36.383211,ask,0,87545,0.00958188
2025-03-24T17:40:36.400460,bid,0,87552,0.00973061
2025-03-24T17:40:36.400460,ask,0,87553,0.00974327
2025-03-24T17:41:36.417236,bid,0,87559,0.00972653
2025-03-24T17:41:36.417236,ask,0,87561,0.00973918
2025-03-24T17:42:36.438029,bid,0,87567,0.00971082
2025-03-24T17:42:36.438029,ask,0,87569,0.00972346
2025-03-24T17:43:36.459732,bid,0,87567,0.00971082
2025-03-24T17:43:36.459732,ask,0,87569,0.00972346
2025-03-24T17:44:36.482698,bid,0,87570,0.00966256
2025-03-24T17:44:36.482698,ask,0,87572,0.00967513
2025-03-24T17:45:36.500517,bid,0,87572,0.00993269
2025-03-24T17:45:36.500517,ask,0,87573,0.00994561
2025-03-24T17:46:36.531202,bid,0,87572,0.00987343
2025-03-24T17:46:36.531202,ask,0,87574,0.00988628
2025-03-24T17:47:36.553159,bid,0,87575,0.00992523
2025-03-24T17:47:36.553159,ask,0,87577,0.00993814
2025-03-24T17:48:36.570237,bid,0,87575,0.00992523
2025-03-24T17:48:36.570237,ask,0,87577,0.00993814
2025-03-24T17:49:36.586175,bid,0,87579,0.00947695
2025-03-24T17:49:36.586175,ask,0,87581,0.00948928
2025-03-24T17:50:36.607224,bid,0,87584,0.00937265
2025-03-24T17:50:36.607224,ask,0,87586,0.00938484
2025-03-24T17:51:36.623106,bid,0,87587,0.00955492
2025-03-24T17:51:36.623106,ask,0,87589,0.00945595
2025-03-24T17:52:36.644081,bid,0,87591,0.00966621
2025-03-24T17:52:36.644081,ask,0,87593,0.00956608
2025-03-24T17:53:36.664282,bid,0,87594,0.00957809
2025-03-24T17:53:36.664282,ask,0,87595,0.00947887
2025-03-24T17:54:36.678190,bid,0,87596,0.00961198
2025-03-24T17:54:36.678190,ask,0,87598,0.00951241
2025-03-24T17:55:36.692236,bid,0,87600,0.00998429
2025-03-24T17:55:36.692236,ask,0,87601,0.00975274
