timestamp,datetime,order_id,direction,price,amount,pnl,position_after
1742871676.1723044,2025-03-24 20:01:16,001F259800000001,sell,86947.0,0.01,0.0,0.0
1742871677.1483583,2025-03-24 20:01:17,001F25980000000A,buy,86951.0,0.009,0.0,0.0
1742871685.8223398,2025-03-24 20:01:25,001F259800000011,buy,86952.0,0.009,0.0,0.0
1742871685.8226802,2025-03-24 20:01:25,001F259800000012,buy,86952.0,0.009,0.0,0.0
1742871685.8228943,2025-03-24 20:01:25,001F259800000013,buy,86952.0,0.009,0.0,0.0
1742871685.8231132,2025-03-24 20:01:25,001F259800000014,buy,86952.0,0.002,0.0,0.0
1742871685.8233194,2025-03-24 20:01:25,001F259800000014,buy,86952.0,0.007,0.0,0.0
1742871724.0142114,2025-03-24 20:02:04,001F259800000015,buy,86898.0,0.009,0.0,0.0
1742871724.7021244,2025-03-24 20:02:04,001F25980000001C,buy,86898.0,0.009,0.0,0.0
1742871726.4064965,2025-03-24 20:02:06,001F259800000021,buy,86897.0,0.009,0.0,0.0
1742871726.4067082,2025-03-24 20:02:06,001F259800000023,buy,86897.0,0.009,0.0,0.0
1742871857.9471824,2025-03-24 20:04:17,001F25980000004D,buy,86867.0,0.009,0.0,0.0
1742871969.0227814,2025-03-24 20:06:09,001F25980000006E,buy,86837.0,0.009,0.0,0.0
1742871970.510762,2025-03-24 20:06:10,001F259800000072,buy,86838.0,0.009,0.0,0.0
1742871970.510917,2025-03-24 20:06:10,001F259800000071,buy,86836.0,0.009,0.0,0.0
1742871979.8341656,2025-03-24 20:06:19,001F259800000074,buy,86835.0,0.009,0.0,0.0
1742871979.8344326,2025-03-24 20:06:19,001F259800000076,buy,86835.0,0.009,0.0,0.0
1742871979.8345783,2025-03-24 20:06:19,001F259800000077,buy,86835.0,0.009,0.0,0.0
1742872024.542782,2025-03-24 20:07:04,001F259800000075,sell,86882.0,0.01,0.0,0.0
1742872024.542967,2025-03-24 20:07:04,001F259800000070,sell,86883.0,0.01,0.0,0.0
1742872026.5633602,2025-03-24 20:07:06,001F25980000007E,sell,86884.0,0.01,0.0,0.0
1742872026.9774308,2025-03-24 20:07:06,001F259800000080,sell,86885.0,0.01,0.0,0.0
1742872027.4196227,2025-03-24 20:07:07,001F259800000082,sell,86887.0,0.01,0.0,0.0
1742872027.751718,2025-03-24 20:07:07,001F259800000083,sell,86889.0,0.01,0.0,0.0
1742872028.6029797,2025-03-24 20:07:08,001F259800000087,sell,86890.0,0.01,0.0,0.0
1742872030.5641932,2025-03-24 20:07:10,001F25980000008A,sell,86895.0,0.01,0.0,0.0
1742872032.5575142,2025-03-24 20:07:12,001F25980000008B,sell,86897.0,0.009,0.0,0.0
1742872034.5560808,2025-03-24 20:07:14,001F25980000008C,sell,86898.0,0.009,0.0,0.0
1742872086.6213186,2025-03-24 20:08:06,001F259800000092,sell,86923.0,0.01,0.0,0.0
1742872088.628149,2025-03-24 20:08:08,001F259800000095,sell,86924.0,0.01,0.0,0.0
1742872089.650174,2025-03-24 20:08:09,001F259800000099,sell,86926.0,0.01,0.0,0.0
1742872090.6254923,2025-03-24 20:08:10,001F25980000009B,sell,86928.0,0.01,0.0,0.0
1742872090.8028452,2025-03-24 20:08:10,001F25980000009C,sell,86939.0,0.01,0.0,0.0
1742872091.6311603,2025-03-24 20:08:11,001F25980000009E,sell,86944.0,0.009,0.0,0.0
1742872091.6313646,2025-03-24 20:08:11,001F25980000009F,sell,86944.0,0.009,0.0,0.0
1742872092.6235833,2025-03-24 20:08:12,001F2598000000A0,sell,86949.0,0.009,0.0,0.0
1742872093.6289244,2025-03-24 20:08:13,001F2598000000A1,sell,86951.0,0.009,0.0,0.0
1742872313.4114542,2025-03-24 20:11:53,001F259900000015,buy,87002.0,0.01,0.0,0.0
1742872313.8081777,2025-03-24 20:11:53,001F259900000017,buy,87001.0,0.01,0.0,0.0
1742872328.9981205,2025-03-24 20:12:08,001F25990000001E,buy,87000.0,0.01,0.0,0.0
1742872328.9983487,2025-03-24 20:12:08,001F25990000001F,buy,87000.0,0.01,0.0,0.0
1742872328.9984486,2025-03-24 20:12:08,001F259900000020,buy,87000.0,0.009,0.0,0.0
1742872329.098398,2025-03-24 20:12:09,001F259900000020,buy,87000.0,0.001,0.0,0.0
1742872329.0986123,2025-03-24 20:12:09,001F259900000021,buy,87000.0,0.01,0.0,0.0
1742872329.0987568,2025-03-24 20:12:09,001F259900000022,buy,87000.0,0.01,0.0,0.0
1742872329.0988946,2025-03-24 20:12:09,001F259900000023,buy,87000.0,0.008,0.0,0.0
1742872329.195411,2025-03-24 20:12:09,001F259900000023,buy,87000.0,0.002,0.0,0.0
1742872329.1956623,2025-03-24 20:12:09,001F259900000024,buy,87000.0,0.01,0.0,0.0
1742872361.0104809,2025-03-24 20:12:41,001F259900000025,buy,86997.0,0.008,0.0,0.0
1742872374.694008,2025-03-24 20:12:54,001F25990000002E,buy,86996.0,0.008,0.0,0.0
1742872375.1937065,2025-03-24 20:12:55,001F259900000031,buy,86987.0,0.008,0.0,0.0
1742872375.5023522,2025-03-24 20:12:55,001F259900000032,buy,86982.0,0.008,0.0,0.0
1742872417.8219614,2025-03-24 20:13:37,001F259900000047,buy,86976.0,0.009,0.0,0.0
1742872417.8223467,2025-03-24 20:13:37,001F259900000048,buy,86976.0,0.009,0.0,0.0
1742872417.8225372,2025-03-24 20:13:37,001F259900000049,buy,86976.0,0.003,0.0,0.0
1742872417.8227232,2025-03-24 20:13:37,001F259900000049,buy,86976.0,0.006,0.0,0.0
1742872418.7130227,2025-03-24 20:13:38,001F25990000004A,buy,86975.0,0.008,0.0,0.0
1742872419.9865265,2025-03-24 20:13:39,001F25990000004B,buy,86972.0,0.009,0.0,0.0
1742872542.5083587,2025-03-24 20:15:42,001F259A00000010,buy,86870.0,0.008,0.0,0.0
1742872590.4413126,2025-03-24 20:16:30,001F259A00000016,buy,86832.0,0.009,0.0,0.0
1742872590.8030088,2025-03-24 20:16:30,001F259A0000001A,buy,86827.0,0.008,0.0,0.0
1742872591.3200295,2025-03-24 20:16:31,001F259A0000001C,buy,86826.0,0.008,0.0,0.0
1742872603.803306,2025-03-24 20:16:43,001F259A00000026,buy,86806.0,0.008,0.0,0.0
1742872657.4746602,2025-03-24 20:17:37,001F259A00000035,buy,86805.0,0.008,0.0,0.0
1742872657.4748642,2025-03-24 20:17:37,001F259A00000037,buy,86805.0,0.008,0.0,0.0
1742872657.4750102,2025-03-24 20:17:37,001F259A00000038,buy,86805.0,0.005,0.0,0.0
1742872657.4751651,2025-03-24 20:17:37,001F259A00000038,buy,86805.0,0.003,0.0,0.0
1742872657.4753008,2025-03-24 20:17:37,001F259A00000039,buy,86805.0,0.008,0.0,0.0
1742872734.8023782,2025-03-24 20:18:54,001F259A0000004E,buy,86741.0,0.008,0.0,0.0
1742872835.9302921,2025-03-24 20:20:35,001F259A0000006F,buy,86752.0,0.008,0.0,0.0
1742872840.8058937,2025-03-24 20:20:40,001F259A00000074,buy,86718.0,0.008,0.0,0.0
1742872850.9699752,2025-03-24 20:20:50,001F259A00000075,buy,86718.0,0.008,0.0,0.0
1742872894.3006055,2025-03-24 20:21:34,001F259A00000080,buy,86699.0,0.008,0.0,0.0
1742872894.48374,2025-03-24 20:21:34,001F259A00000081,buy,86698.0,0.007,0.0,0.0
1742872895.2091215,2025-03-24 20:21:35,001F259A00000086,buy,86694.0,0.008,0.0,0.0
1742872896.724429,2025-03-24 20:21:36,001F259A00000087,buy,86689.0,0.007,0.0,0.0
1742872958.5072837,2025-03-24 20:22:38,001F259A0000009D,buy,86759.0,0.007,0.0,0.0
1742872958.5074813,2025-03-24 20:22:38,001F259A0000009C,buy,86757.0,0.007,0.0,0.0
1742872958.5075822,2025-03-24 20:22:38,001F259A0000009A,buy,86756.0,0.007,0.0,0.0
1742872958.5076828,2025-03-24 20:22:38,001F259A0000009B,buy,86756.0,0.007,0.0,0.0
1742872962.6055274,2025-03-24 20:22:42,001F259A0000009F,buy,86745.0,0.007,0.0,0.0
1742873024.109281,2025-03-24 20:23:44,001F259A000000B1,buy,86693.0,0.007,0.0,0.0
1742873072.212145,2025-03-24 20:24:32,001F259A000000B7,buy,86770.0,0.007,0.0,0.0
1742873082.0115817,2025-03-24 20:24:42,001F259A000000C5,buy,86772.0,0.007,0.0,0.0
1742873098.4071763,2025-03-24 20:24:58,001F259A000000C6,buy,86767.0,0.007,0.0,0.0
1742873131.2277584,2025-03-24 20:25:31,001F259A000000C7,buy,86738.0,0.007,0.0,0.0
1742873232.0491116,2025-03-24 20:27:12,001F259A000000EB,buy,86759.0,0.007,0.0,0.0
1742873232.0494838,2025-03-24 20:27:12,001F259A000000EC,buy,86759.0,0.007,0.0,0.0
1742873232.0496986,2025-03-24 20:27:12,001F259A000000ED,buy,86759.0,0.007,0.0,0.0
1742873263.0043144,2025-03-24 20:27:43,001F259A000000FD,buy,86775.0,0.007,0.0,0.0
1742873357.931481,2025-03-24 20:29:17,001F259A00000103,sell,86785.0,0.011,0.0,0.0
1742873373.2002492,2025-03-24 20:29:33,001F259A0000011B,sell,86793.0,0.011,0.0,0.0
1742873374.72791,2025-03-24 20:29:34,001F259A00000120,sell,86793.0,0.011,0.0,0.0
1742873375.1237729,2025-03-24 20:29:35,001F259A00000122,sell,86793.0,0.011,0.0,0.0
1742873381.3229165,2025-03-24 20:29:41,001F259A00000127,sell,86793.0,0.011,0.0,0.0
1742873382.3039997,2025-03-24 20:29:42,001F259A00000125,sell,86794.0,0.011,0.0,0.0
1742873382.3042688,2025-03-24 20:29:42,001F259A00000126,sell,86794.0,0.011,0.0,0.0
1742873382.3044155,2025-03-24 20:29:42,001F259A00000128,sell,86794.0,0.011,0.0,0.0
1742873385.3461063,2025-03-24 20:29:45,001F259A00000129,sell,86795.0,0.011,0.0,0.0
1742873418.7083569,2025-03-24 20:30:18,001F259A00000114,buy,86784.0,0.007,0.0,0.0
1742873485.3072758,2025-03-24 20:31:25,001F259A0000012B,sell,86786.0,0.011,0.0,0.0
1742873489.446138,2025-03-24 20:31:29,001F259A0000013D,sell,86795.0,0.01,0.0,0.0
1742873491.7174625,2025-03-24 20:31:31,001F259A0000013E,sell,86799.0,0.01,0.0,0.0
1742873492.3106825,2025-03-24 20:31:32,001F259A00000140,sell,86800.0,0.01,0.0,0.0
1742873493.4203897,2025-03-24 20:31:33,001F259A00000142,sell,86803.0,0.01,0.0,0.0
1742873494.2021601,2025-03-24 20:31:34,001F259A00000148,sell,86815.0,0.01,0.0,0.0
1742873514.602477,2025-03-24 20:31:54,001F259A00000151,sell,86799.0,0.01,0.0,0.0
1742873554.5025883,2025-03-24 20:32:34,001F259A0000015A,sell,86798.0,0.011,0.0,0.0
1742873557.4906557,2025-03-24 20:32:37,001F259A00000160,sell,86799.0,0.011,0.0,0.0
1742873557.8066494,2025-03-24 20:32:37,001F259A00000161,sell,86801.0,0.011,0.0,0.0
1742873558.8162804,2025-03-24 20:32:38,001F259A00000162,sell,86809.0,0.01,0.0,0.0
1742873558.8165298,2025-03-24 20:32:38,001F259A00000163,sell,86809.0,0.01,0.0,0.0
1742873614.012893,2025-03-24 20:33:34,001F259A0000016C,sell,86801.0,0.01,0.0,0.0
1742873615.4072585,2025-03-24 20:33:35,001F259A0000016F,sell,86803.0,0.01,0.0,0.0
1742873616.5550022,2025-03-24 20:33:36,001F259A00000170,sell,86806.0,0.01,0.0,0.0
1742873616.5552523,2025-03-24 20:33:36,001F259A00000171,sell,86806.0,0.01,0.0,0.0
1742873617.5643203,2025-03-24 20:33:37,001F259A00000174,sell,86810.0,0.01,0.0,0.0
1742873617.5645607,2025-03-24 20:33:37,001F259A00000175,sell,86810.0,0.01,0.0,0.0
1742873620.3129923,2025-03-24 20:33:40,001F259A00000178,sell,86808.0,0.01,0.0,0.0
1742873620.3131506,2025-03-24 20:33:40,001F259A00000179,sell,86808.0,0.01,0.0,0.0
1742873620.3132186,2025-03-24 20:33:40,001F259A0000017A,sell,86808.0,0.009,0.0,0.0
1742873620.5211685,2025-03-24 20:33:40,001F259A0000017A,sell,86808.0,0.001,0.0,0.0
1742873621.2135463,2025-03-24 20:33:41,001F259A0000017B,sell,86814.0,0.01,0.0,0.0
1742873674.4067395,2025-03-24 20:34:34,001F259A0000017C,buy,86793.0,0.009,0.0,0.0
1742873674.8004649,2025-03-24 20:34:34,001F259A0000017F,buy,86772.0,0.009,0.0,0.0
1742873675.214932,2025-03-24 20:34:35,001F259A00000181,buy,86772.0,0.009,0.0,0.0
1742873675.8024225,2025-03-24 20:34:35,001F259A00000184,buy,86773.0,0.009,0.0,0.0
1742873676.903819,2025-03-24 20:34:36,001F259A00000189,buy,86772.0,0.009,0.0,0.0
1742873676.9040713,2025-03-24 20:34:36,001F259A0000018B,buy,86772.0,0.009,0.0,0.0
1742873676.9042194,2025-03-24 20:34:36,001F259A0000018C,buy,86772.0,0.009,0.0,0.0
1742873702.213313,2025-03-24 20:35:02,001F259A0000018D,buy,86769.0,0.008,0.0,0.0
1742873702.2135587,2025-03-24 20:35:02,001F259A0000018E,buy,86769.0,0.008,0.0,0.0
1742873702.213705,2025-03-24 20:35:02,001F259A0000018F,buy,86769.0,0.008,0.0,0.0
1742873702.2138422,2025-03-24 20:35:02,001F259A00000190,buy,86769.0,0.005,0.0,0.0
1742873702.3160796,2025-03-24 20:35:02,001F259A00000190,buy,86769.0,0.003,0.0,0.0
1742873702.316281,2025-03-24 20:35:02,001F259A00000191,buy,86769.0,0.008,0.0,0.0
1742873733.2142584,2025-03-24 20:35:33,001F259A00000197,buy,86729.0,0.008,0.0,0.0
1742873734.029036,2025-03-24 20:35:34,001F259A0000019A,buy,86723.0,0.008,0.0,0.0
1742873741.7011683,2025-03-24 20:35:41,001F259A000001A4,buy,86724.0,0.008,0.0,0.0
1742873747.0432305,2025-03-24 20:35:47,001F259A000001A6,buy,86724.0,0.008,0.0,0.0
1742873855.8106422,2025-03-24 20:37:35,001F259A000001C3,buy,86672.0,0.008,0.0,0.0
1742873856.3464594,2025-03-24 20:37:36,001F259A000001C4,buy,86671.0,0.008,0.0,0.0
1742873859.810205,2025-03-24 20:37:39,001F259A000001CB,buy,86672.0,0.008,0.0,0.0
1742873864.2112994,2025-03-24 20:37:44,001F259A000001CD,buy,86670.0,0.008,0.0,0.0
1742873914.5437372,2025-03-24 20:38:34,001F259A000001D5,buy,86608.0,0.008,0.0,0.0
1742873960.9617803,2025-03-24 20:39:20,001F259A000001DE,buy,86604.0,0.008,0.0,0.0
1742873960.9619696,2025-03-24 20:39:20,001F259A000001DF,buy,86604.0,0.008,0.0,0.0
1742873960.9620805,2025-03-24 20:39:20,001F259A000001E0,buy,86604.0,0.008,0.0,0.0
1742873960.962191,2025-03-24 20:39:20,001F259A000001E1,buy,86604.0,0.008,0.0,0.0
1742873960.962289,2025-03-24 20:39:20,001F259A000001E2,buy,86604.0,0.008,0.0,0.0
1742873972.9381163,2025-03-24 20:39:32,001F259A000001E6,buy,86603.0,0.007,0.0,0.0
1742873974.9564874,2025-03-24 20:39:34,001F259A000001ED,buy,86600.0,0.007,0.0,0.0
1742874127.1203115,2025-03-24 20:42:07,001F259A0000021A,buy,86583.0,0.008,0.0,0.0
1742874127.120575,2025-03-24 20:42:07,001F259A0000021C,buy,86583.0,0.008,0.0,0.0
1742874127.120783,2025-03-24 20:42:07,001F259A0000021D,buy,86583.0,0.008,0.0,0.0
1742874127.1209807,2025-03-24 20:42:07,001F259A0000021E,buy,86583.0,0.008,0.0,0.0
1742874158.2031715,2025-03-24 20:42:38,001F259A00000230,buy,86610.0,0.007,0.0,0.0
1742874158.804491,2025-03-24 20:42:38,001F259A00000231,buy,86602.0,0.007,0.0,0.0
1742874161.210971,2025-03-24 20:42:41,001F259A00000232,buy,86599.0,0.007,0.0,0.0
1742874212.7242606,2025-03-24 20:43:32,001F259A00000235,buy,86598.0,0.007,0.0,0.0
1742874213.7550867,2025-03-24 20:43:33,001F259A0000023B,buy,86597.0,0.007,0.0,0.0
1742874214.329771,2025-03-24 20:43:34,001F259A0000023D,buy,86596.0,0.007,0.0,0.0
1742874215.4710088,2025-03-24 20:43:35,001F259A00000240,buy,86597.0,0.007,0.0,0.0
1742874217.4113398,2025-03-24 20:43:37,001F259A00000246,buy,86598.0,0.007,0.0,0.0
1742874217.4115353,2025-03-24 20:43:37,001F259A00000245,buy,86597.0,0.007,0.0,0.0
1742874217.4116068,2025-03-24 20:43:37,001F259A00000243,buy,86596.0,0.007,0.0,0.0
1742874222.7154143,2025-03-24 20:43:42,001F259A00000247,buy,86590.0,0.007,0.0,0.0
1742874275.9164803,2025-03-24 20:44:35,001F259A0000024E,buy,86512.0,0.006,0.0,0.0
1742874281.1536906,2025-03-24 20:44:41,001F259A00000257,buy,86511.0,0.006,0.0,0.0
1742874281.1539147,2025-03-24 20:44:41,001F259A00000258,buy,86511.0,0.006,0.0,0.0
1742874302.0165899,2025-03-24 20:45:02,001F259A0000025B,buy,86511.0,0.007,0.0,0.0
1742874339.2036521,2025-03-24 20:45:39,001F259A0000026F,buy,86597.0,0.006,0.0,0.0
1742874399.6100142,2025-03-24 20:46:39,001F259A0000027F,buy,86543.0,0.006,0.0,0.0
1742874399.6103203,2025-03-24 20:46:39,001F259A00000280,buy,86543.0,0.006,0.0,0.0
1742874399.6105137,2025-03-24 20:46:39,001F259A00000281,buy,86543.0,0.006,0.0,0.0
1742874471.904476,2025-03-24 20:47:51,001F259A00000296,buy,86480.0,0.006,0.0,0.0
1742874516.173114,2025-03-24 20:48:36,001F259A0000029E,buy,86538.0,0.006,0.0,0.0
1742874516.5589828,2025-03-24 20:48:36,001F259A000002A0,buy,86537.0,0.006,0.0,0.0
1742874516.803542,2025-03-24 20:48:36,001F259A000002A1,buy,86521.0,0.006,0.0,0.0
1742874517.5307014,2025-03-24 20:48:37,001F259A000002A4,buy,86521.0,0.005,0.0,0.0
1742874535.5901694,2025-03-24 20:48:55,001F259A000002A8,buy,86475.0,0.005,0.0,0.0
1742874535.5903294,2025-03-24 20:48:55,001F259A000002A9,buy,86475.0,0.005,0.0,0.0
1742874535.590394,2025-03-24 20:48:55,001F259A000002AA,buy,86475.0,0.005,0.0,0.0
1742874535.5904548,2025-03-24 20:48:55,001F259A000002AB,buy,86475.0,0.005,0.0,0.0
1742874578.0087352,2025-03-24 20:49:38,001F259A000002BA,buy,86435.0,0.006,0.0,0.0
1742874588.2076747,2025-03-24 20:49:48,001F259A000002BD,buy,86422.0,0.006,0.0,0.0
1742874588.2079153,2025-03-24 20:49:48,001F259A000002BE,buy,86422.0,0.006,0.0,0.0
1742874588.6432772,2025-03-24 20:49:48,001F259A000002BF,buy,86412.0,0.006,0.0,0.0
1742874634.3125749,2025-03-24 20:50:34,001F259A000002C6,buy,86410.0,0.006,0.0,0.0
1742874634.6778321,2025-03-24 20:50:34,001F259A000002C8,buy,86403.0,0.006,0.0,0.0
1742874635.1095877,2025-03-24 20:50:35,001F259A000002CB,buy,86399.0,0.005,0.0,0.0
1742874704.5442097,2025-03-24 20:51:44,001F259A000002E5,buy,86476.0,0.005,0.0,0.0
1742874705.610556,2025-03-24 20:51:45,001F259A000002E6,buy,86475.0,0.005,0.0,0.0
1742874736.5996833,2025-03-24 20:52:16,001F259A000002E8,buy,86472.0,0.005,0.0,0.0
1742874757.1021743,2025-03-24 20:52:37,001F259A000002F7,buy,86496.0,0.005,0.0,0.0
1742874813.02514,2025-03-24 20:53:33,001F259A000002FC,buy,86552.0,0.005,0.0,0.0
1742874813.3022068,2025-03-24 20:53:33,001F259A000002FE,buy,86552.0,0.005,0.0,0.0
1742874813.9003754,2025-03-24 20:53:33,001F259A00000301,buy,86551.0,0.005,0.0,0.0
1742874814.6998546,2025-03-24 20:53:34,001F259A00000305,buy,86551.0,0.005,0.0,0.0
1742874815.0118961,2025-03-24 20:53:35,001F259A00000306,buy,86550.0,0.005,0.0,0.0
1742874816.5506673,2025-03-24 20:53:36,001F259A00000308,buy,86550.0,0.005,0.0,0.0
1742874817.5414126,2025-03-24 20:53:37,001F259A0000030C,buy,86551.0,0.005,0.0,0.0
1742874817.541654,2025-03-24 20:53:37,001F259A0000030A,buy,86550.0,0.005,0.0,0.0
1742874817.5417933,2025-03-24 20:53:37,001F259A0000030B,buy,86550.0,0.005,0.0,0.0
1742874827.7037625,2025-03-24 20:53:47,001F259A0000030F,buy,86548.0,0.005,0.0,0.0
1742874862.1207616,2025-03-24 20:54:22,001F259A00000310,buy,86520.0,0.005,0.0,0.0
1742874924.6337428,2025-03-24 20:55:24,001F259A00000323,buy,86535.0,0.005,0.0,0.0
1742874924.6339931,2025-03-24 20:55:24,001F259A00000324,buy,86535.0,0.005,0.0,0.0
1742874963.2246385,2025-03-24 20:56:03,001F259A00000334,buy,86523.0,0.005,0.0,0.0
1742874963.2248647,2025-03-24 20:56:03,001F259A00000335,buy,86523.0,0.005,0.0,0.0
1742874963.2250063,2025-03-24 20:56:03,001F259A00000336,buy,86523.0,0.005,0.0,0.0
1742874963.2251573,2025-03-24 20:56:03,001F259A00000337,buy,86523.0,0.005,0.0,0.0
1742874963.2252882,2025-03-24 20:56:03,001F259A00000338,buy,86523.0,0.005,0.0,0.0
1742874999.1204696,2025-03-24 20:56:39,001F259A00000343,buy,86500.0,0.005,0.0,0.0
1742875117.128602,2025-03-24 20:58:37,001F259A0000036C,buy,86539.0,0.005,0.0,0.0
1742875117.367606,2025-03-24 20:58:37,001F259A0000036D,buy,86537.0,0.005,0.0,0.0
1742875118.4005938,2025-03-24 20:58:38,001F259A00000370,buy,86533.0,0.005,0.0,0.0
1742875199.0267115,2025-03-24 20:59:59,001F259A00000386,buy,86537.0,0.005,0.0,0.0
1742875204.109594,2025-03-24 21:00:04,001F259A00000385,buy,86528.0,0.005,0.0,0.0
1742875204.1098487,2025-03-24 21:00:04,001F259A00000383,buy,86525.0,0.005,0.0,0.0
1742875204.1099935,2025-03-24 21:00:04,001F259A00000384,buy,86525.0,0.005,0.0,0.0
1742875252.7304325,2025-03-24 21:00:52,001F259A00000397,buy,86464.0,0.004,0.0,0.0
1742875255.3723483,2025-03-24 21:00:55,001F259A00000399,buy,86464.0,0.004,0.0,0.0
1742875298.7084277,2025-03-24 21:01:38,001F259A000003A1,buy,86436.0,0.004,0.0,0.0
1742875299.2022994,2025-03-24 21:01:39,001F259A000003A3,buy,86426.0,0.004,0.0,0.0
1742875299.9079397,2025-03-24 21:01:39,001F259A000003A5,buy,86416.0,0.004,0.0,0.0
1742875300.1616597,2025-03-24 21:01:40,001F259A000003A6,buy,86416.0,0.004,0.0,0.0
1742875332.3272836,2025-03-24 21:02:12,001F259A000003AD,buy,86417.0,0.004,0.0,0.0
1742875332.3274736,2025-03-24 21:02:12,001F259A000003AE,buy,86417.0,0.004,0.0,0.0
1742875332.3275418,2025-03-24 21:02:12,001F259A000003AB,buy,86413.0,0.004,0.0,0.0
1742875354.414709,2025-03-24 21:02:34,001F259A000003B2,buy,86410.0,0.004,0.0,0.0
1742875355.3496218,2025-03-24 21:02:35,001F259A000003B6,buy,86410.0,0.004,0.0,0.0
1742875355.5474796,2025-03-24 21:02:35,001F259A000003B7,buy,86409.0,0.004,0.0,0.0
1742875357.4227097,2025-03-24 21:02:37,001F259A000003BA,buy,86409.0,0.004,0.0,0.0
1742875357.8237493,2025-03-24 21:02:37,001F259A000003BB,buy,86408.0,0.004,0.0,0.0
1742875357.823898,2025-03-24 21:02:37,001F259A000003BC,buy,86408.0,0.004,0.0,0.0
1742875357.9317756,2025-03-24 21:02:37,001F259A000003BE,buy,86407.0,0.004,0.0,0.0
1742875364.6185718,2025-03-24 21:02:44,001F259A000003C1,buy,86406.0,0.004,0.0,0.0
1742875364.6187556,2025-03-24 21:02:44,001F259A000003C2,buy,86406.0,0.004,0.0,0.0
1742875364.8214514,2025-03-24 21:02:44,001F259A000003C3,buy,86406.0,0.004,0.0,0.0
1742875417.2109284,2025-03-24 21:03:37,001F259A000003CD,buy,86383.0,0.004,0.0,0.0
1742875418.5402133,2025-03-24 21:03:38,001F259A000003D1,buy,86375.0,0.004,0.0,0.0
1742875420.4034383,2025-03-24 21:03:40,001F259A000003D5,buy,86343.0,0.004,0.0,0.0
1742875424.6147375,2025-03-24 21:03:44,001F259A000003D9,buy,86363.0,0.004,0.0,0.0
1742875481.1083694,2025-03-24 21:04:41,001F259A000003EC,buy,86466.0,0.003,0.0,0.0
1742875481.5094543,2025-03-24 21:04:41,001F259A000003ED,buy,86466.0,0.003,0.0,0.0
1742875501.5423567,2025-03-24 21:05:01,001F259A000003EE,buy,86464.0,0.003,0.0,0.0
1742875595.113912,2025-03-24 21:06:35,001F259A00000407,buy,86541.0,0.003,0.0,0.0
1742875595.6077397,2025-03-24 21:06:35,001F259A00000409,buy,86533.0,0.003,0.0,0.0
1742875596.2102225,2025-03-24 21:06:36,001F259A0000040B,buy,86530.0,0.003,0.0,0.0
1742875597.2030766,2025-03-24 21:06:37,001F259A0000040E,buy,86529.0,0.003,0.0,0.0
1742875599.203293,2025-03-24 21:06:39,001F259A00000411,buy,86526.0,0.003,0.0,0.0
1742875599.7114322,2025-03-24 21:06:39,001F259A00000412,buy,86524.0,0.003,0.0,0.0
1742875602.7516916,2025-03-24 21:06:42,001F259A00000415,buy,86523.0,0.003,0.0,0.0
1742875656.2120273,2025-03-24 21:07:36,001F259A0000041C,buy,86527.0,0.004,0.0,0.0
1742875656.9393947,2025-03-24 21:07:36,001F259A00000420,buy,86527.0,0.004,0.0,0.0
1742875658.0031443,2025-03-24 21:07:38,001F259A00000425,buy,86532.0,0.003,0.0,0.0
1742875719.1030977,2025-03-24 21:08:39,001F259A00000439,buy,86584.0,0.003,0.0,0.0
1742875719.4027822,2025-03-24 21:08:39,001F259A0000043A,buy,86584.0,0.003,0.0,0.0
1742875720.16418,2025-03-24 21:08:40,001F259A0000043B,buy,86583.0,0.003,0.0,0.0
1742875723.2106051,2025-03-24 21:08:43,001F259A0000043E,buy,86584.0,0.003,0.0,0.0
1742875723.2107925,2025-03-24 21:08:43,001F259A0000043D,buy,86582.0,0.003,0.0,0.0
1742875775.1147835,2025-03-24 21:09:35,001F259A00000444,buy,86599.0,0.003,0.0,0.0
1742875776.5071368,2025-03-24 21:09:36,001F259A00000448,buy,86585.0,0.003,0.0,0.0
1742875805.8191922,2025-03-24 21:10:05,001F259A00000450,buy,86584.0,0.003,0.0,0.0
1742875805.819417,2025-03-24 21:10:05,001F259A00000451,buy,86584.0,0.003,0.0,0.0
1742875805.8195658,2025-03-24 21:10:05,001F259A00000452,buy,86584.0,0.003,0.0,0.0
1742875805.819751,2025-03-24 21:10:05,001F259A00000453,buy,86584.0,0.003,0.0,0.0
1742875844.9042432,2025-03-24 21:10:44,001F259A00000464,buy,86573.0,0.003,0.0,0.0
1742875845.6055655,2025-03-24 21:10:45,001F259A00000465,buy,86559.0,0.003,0.0,0.0
1742875845.605769,2025-03-24 21:10:45,001F259A00000466,buy,86559.0,0.003,0.0,0.0
1742875872.7269585,2025-03-24 21:11:12,001F259A00000468,buy,86552.0,0.003,0.0,0.0
1742875894.4011776,2025-03-24 21:11:34,001F259A0000046A,buy,86610.0,0.003,0.0,0.0
1742875897.8187976,2025-03-24 21:11:37,001F259A00000475,buy,86594.0,0.003,0.0,0.0
1742875956.1489818,2025-03-24 21:12:36,001F259B00000003,buy,86618.0,0.003,0.0,0.0
1742875957.387011,2025-03-24 21:12:37,001F259B00000007,buy,86618.0,0.003,0.0,0.0
1742875958.1988618,2025-03-24 21:12:38,001F259B0000000B,buy,86619.0,0.003,0.0,0.0
1742875963.1367245,2025-03-24 21:12:43,001F259B0000000F,buy,86618.0,0.003,0.0,0.0
1742875963.1369689,2025-03-24 21:12:43,001F259B00000010,buy,86618.0,0.003,0.0,0.0
1742875973.5157278,2025-03-24 21:12:53,001F259B00000011,buy,86618.0,0.003,0.0,0.0
1742876110.3194408,2025-03-24 21:15:10,001F259B00000013,buy,86628.0,0.003,0.0,0.0
1742876110.8936584,2025-03-24 21:15:10,001F259B00000016,buy,86594.0,0.003,0.0,0.0
1742876111.3928595,2025-03-24 21:15:11,001F259B00000019,buy,86594.0,0.003,0.0,0.0
1742876112.8898098,2025-03-24 21:15:12,001F259B0000001F,buy,86592.0,0.003,0.0,0.0
1742876114.9005136,2025-03-24 21:15:14,001F259B00000021,buy,86591.0,0.003,0.0,0.0
1742876115.5988286,2025-03-24 21:15:15,001F259B00000023,buy,86591.0,0.003,0.0,0.0
1742876122.9977915,2025-03-24 21:15:22,001F259B00000024,buy,86571.0,0.003,0.0,0.0
1742876125.9364436,2025-03-24 21:15:25,001F259B00000025,buy,86566.0,0.003,0.0,0.0
1742876128.8055332,2025-03-24 21:15:28,001F259B00000026,buy,86562.0,0.003,0.0,0.0
1742876174.7999141,2025-03-24 21:16:14,001F259B00000038,buy,86561.0,0.003,0.0,0.0
1742876174.8000958,2025-03-24 21:16:14,001F259B00000039,buy,86561.0,0.003,0.0,0.0
1742876214.7109466,2025-03-24 21:16:54,001F259B0000004D,buy,86537.0,0.003,0.0,0.0
1742876259.5118396,2025-03-24 21:17:39,001F259B00000053,buy,86512.0,0.003,0.0,0.0
1742876260.726566,2025-03-24 21:17:40,001F259B00000059,buy,86512.0,0.003,0.0,0.0
1742876265.3334029,2025-03-24 21:17:45,001F259B0000005D,buy,86512.0,0.003,0.0,0.0
1742876266.3987043,2025-03-24 21:17:46,001F259B0000005F,buy,86512.0,0.003,0.0,0.0
1742876267.8116112,2025-03-24 21:17:47,001F259B00000061,buy,86512.0,0.003,0.0,0.0
1742876321.5411034,2025-03-24 21:18:41,001F259B0000006D,buy,86579.0,0.003,0.0,0.0
1742876321.5412486,2025-03-24 21:18:41,001F259B0000006E,buy,86579.0,0.003,0.0,0.0
1742876321.5413206,2025-03-24 21:18:41,001F259B0000006F,buy,86579.0,0.003,0.0,0.0
1742876321.541387,2025-03-24 21:18:41,001F259B00000071,buy,86579.0,0.003,0.0,0.0
1742876322.2067642,2025-03-24 21:18:42,001F259B00000073,buy,86577.0,0.002,0.0,0.0
1742876362.0179257,2025-03-24 21:19:22,001F259B00000076,buy,86576.0,0.002,0.0,0.0
1742876377.2012467,2025-03-24 21:19:37,001F259B00000078,buy,86535.0,0.002,0.0,0.0
1742876463.5991075,2025-03-24 21:21:03,001F259B0000009C,buy,86566.0,0.002,0.0,0.0
1742876463.5992827,2025-03-24 21:21:03,001F259B0000009D,buy,86566.0,0.002,0.0,0.0
1742876463.5993521,2025-03-24 21:21:03,001F259B0000009E,buy,86566.0,0.002,0.0,0.0
1742876548.2941136,2025-03-24 21:22:28,001F259B000000A0,sell,86622.0,0.014,0.0,0.0
1742876563.4935958,2025-03-24 21:22:43,001F259B000000B2,buy,86620.0,0.002,0.0,0.0
1742876564.1913576,2025-03-24 21:22:44,001F259B000000BA,buy,86599.0,0.002,0.0,0.0
1742876564.498517,2025-03-24 21:22:44,001F259B000000BB,buy,86599.0,0.002,0.0,0.0
1742876564.6998851,2025-03-24 21:22:44,001F259B000000BD,buy,86599.0,0.002,0.0,0.0
1742876565.595551,2025-03-24 21:22:45,001F259B000000C1,buy,86597.0,0.002,0.0,0.0
1742876566.713294,2025-03-24 21:22:46,001F259B000000C2,buy,86599.0,0.002,0.0,0.0
1742876567.9960032,2025-03-24 21:22:47,001F259B000000C3,buy,86598.0,0.002,0.0,0.0
1742876567.996286,2025-03-24 21:22:47,001F259B000000C4,buy,86598.0,0.002,0.0,0.0
1742876572.5639546,2025-03-24 21:22:52,001F259B000000C6,buy,86600.0,0.002,0.0,0.0
1742876622.7278085,2025-03-24 21:23:42,001F259B000000D1,buy,86595.0,0.002,0.0,0.0
1742876623.6051118,2025-03-24 21:23:43,001F259B000000D3,buy,86592.0,0.002,0.0,0.0
1742876625.1226895,2025-03-24 21:23:45,001F259B000000D8,buy,86592.0,0.002,0.0,0.0
1742876628.3219793,2025-03-24 21:23:48,001F259B000000D9,buy,86592.0,0.002,0.0,0.0
1742876628.3221998,2025-03-24 21:23:48,001F259B000000DA,buy,86592.0,0.002,0.0,0.0
1742876631.9255066,2025-03-24 21:23:51,001F259B000000DB,buy,86591.0,0.002,0.0,0.0
1742876631.9257565,2025-03-24 21:23:51,001F259B000000DC,buy,86591.0,0.002,0.0,0.0
1742876647.2993023,2025-03-24 21:24:07,001F259B000000C7,sell,86621.0,0.013,0.0,0.0
1742876798.0038338,2025-03-24 21:26:38,001F259B000000DD,buy,86619.0,0.002,0.0,0.0
1742876798.818384,2025-03-24 21:26:38,001F259B000000F5,buy,86601.0,0.002,0.0,0.0
1742876799.0644076,2025-03-24 21:26:39,001F259B000000F6,buy,86601.0,0.002,0.0,0.0
1742876799.8134112,2025-03-24 21:26:39,001F259B000000F8,buy,86577.0,0.002,0.0,0.0
1742876800.6948116,2025-03-24 21:26:40,001F259B000000FB,buy,86577.0,0.002,0.0,0.0
1742876802.194642,2025-03-24 21:26:42,001F259B000000FE,buy,86576.0,0.002,0.0,0.0
1742876802.6909022,2025-03-24 21:26:42,001F259B00000100,buy,86571.0,0.002,0.0,0.0
1742876936.6346247,2025-03-24 21:28:56,001F259B00000126,buy,86570.0,0.002,0.0,0.0
1742876936.634913,2025-03-24 21:28:56,001F259B00000127,buy,86570.0,0.002,0.0,0.0
1742876936.635145,2025-03-24 21:28:56,001F259B00000128,buy,86570.0,0.002,0.0,0.0
1742876936.6353521,2025-03-24 21:28:56,001F259B00000129,buy,86570.0,0.002,0.0,0.0
1742876936.6355586,2025-03-24 21:28:56,001F259B0000012A,buy,86570.0,0.002,0.0,0.0
1742876936.635764,2025-03-24 21:28:56,001F259B0000012B,buy,86570.0,0.002,0.0,0.0
1742876936.6359627,2025-03-24 21:28:56,001F259B0000012C,buy,86570.0,0.002,0.0,0.0
1742876958.7059686,2025-03-24 21:29:18,001F259B0000012D,buy,86552.0,0.002,0.0,0.0
1742876978.2067175,2025-03-24 21:29:38,001F259B00000132,buy,86495.0,0.002,0.0,0.0
1742876978.691713,2025-03-24 21:29:38,001F259B00000134,buy,86495.0,0.002,0.0,0.0
1742876979.1990967,2025-03-24 21:29:39,001F259B00000135,buy,86495.0,0.002,0.0,0.0
1742876979.6913362,2025-03-24 21:29:39,001F259B00000138,buy,86494.0,0.002,0.0,0.0
1742876980.4912558,2025-03-24 21:29:40,001F259B00000139,buy,86491.0,0.002,0.0,0.0
1742876982.327741,2025-03-24 21:29:42,001F259B0000013D,buy,86489.0,0.002,0.0,0.0
1742876985.5287595,2025-03-24 21:29:45,001F259B0000013F,buy,86469.0,0.002,0.0,0.0
1742876985.5290668,2025-03-24 21:29:45,001F259B00000140,buy,86469.0,0.002,0.0,0.0
1742877119.4144082,2025-03-24 21:31:59,001F259B00000168,buy,86435.0,0.002,0.0,0.0
1742877163.3202107,2025-03-24 21:32:43,001F259B00000177,buy,86437.0,0.002,0.0,0.0
1742877173.7937136,2025-03-24 21:32:53,001F259B0000017B,buy,86436.0,0.002,0.0,0.0
1742877173.7938573,2025-03-24 21:32:53,001F259B0000017C,buy,86436.0,0.002,0.0,0.0
1742877218.227563,2025-03-24 21:33:38,001F259B0000017F,buy,86476.0,0.002,0.0,0.0
1742877224.1429882,2025-03-24 21:33:44,001F259B00000189,buy,86476.0,0.002,0.0,0.0
1742878028.7131095,2025-03-24 21:47:08,001F259C00000006,sell,86489.0,0.009,0.0,0.0
1742878029.4111307,2025-03-24 21:47:09,001F259C00000008,sell,86490.0,0.009,0.0,0.0
1742878053.4572227,2025-03-24 21:47:33,001F259C00000012,sell,86486.0,0.009,0.0,0.0
1742878053.4574416,2025-03-24 21:47:33,001F259C00000013,sell,86486.0,0.009,0.0,0.0
1742878054.4439774,2025-03-24 21:47:34,001F259C00000010,sell,86490.0,0.009,0.0,0.0
1742878054.4442616,2025-03-24 21:47:34,001F259C00000011,sell,86490.0,0.009,0.0,0.0
1742878070.4131973,2025-03-24 21:47:50,001F259D00000000,buy,86492.0,0.01,0.0,0.0
1742878101.51214,2025-03-24 21:48:21,001F259D00000011,buy,86483.0,0.01,0.0,0.0
1742878101.5124087,2025-03-24 21:48:21,001F259D00000012,buy,86483.0,0.01,0.0,0.0
1742878141.5505702,2025-03-24 21:49:01,001F259D00000017,buy,86477.0,0.01,0.0,0.0
1742878141.9119256,2025-03-24 21:49:01,001F259D00000019,buy,86476.0,0.01,0.0,0.0
1742878142.713925,2025-03-24 21:49:02,001F259D0000001E,buy,86470.0,0.009,0.0,0.0
1742878143.2959132,2025-03-24 21:49:03,001F259D00000021,buy,86449.0,0.009,0.0,0.0
1742878146.3966806,2025-03-24 21:49:06,001F259D00000024,buy,86448.0,0.009,0.0,0.0
1742878248.0049403,2025-03-24 21:50:48,001F259D00000043,buy,86446.0,0.009,0.0,0.0
1742878338.7724555,2025-03-24 21:52:18,001F259D0000005C,sell,86457.0,0.01,0.0,0.0
1742878362.8030925,2025-03-24 21:52:42,001F259D00000062,sell,86495.0,0.01,0.0,0.0
1742878365.819604,2025-03-24 21:52:45,001F259D0000006B,sell,86495.0,0.01,0.0,0.0
1742878423.9281044,2025-03-24 21:53:43,001F259D0000007C,sell,86499.0,0.01,0.0,0.0
1742878429.9017377,2025-03-24 21:53:49,001F259D0000007F,buy,86476.0,0.01,0.0,0.0
