order_id,trade_id,instrument_name,direction,price,amount,label,time,position_after,trade_type,session_realised_after,fee,index,fee_rate,funding_mark,client_order_id,maker_taker,timestamp
001F24B7000000B4,0000000000000001182EF416616CF971,BTC-PERPETUAL,sell,84157.0,0.018,P,1742598482.7999501,-0.018,normal,-77.083,0.38,84165.4396666667,0.00025,0.0,305,maker,2025-03-21T16:08:02.896875
001F24B7000000CB,0000000000000001182EF42506D4507C,BTC-PERPETUAL,buy,84191.0,0.021,P,1742598545.7045062,0.003,normal,-0.612,-78.075,0.44,84184.78,0.00025,0.0,328,maker,2025-03-21T16:09:05.797999
001F24B7000000D1,0000000000000001182EF428FE15BE5F,BTC-PERPETUAL,buy,84184.0,0.027,P,1742598562.7376683,0.03,normal,-78.515,0.57,84179.6533333333,0.00025,0.0,334,maker,2025-03-21T16:09:22.839896
001F24B7000000F7,0000000000000001182EF4419204B537,BTC-PERPETUAL,buy,84174.0,0.028,P,1742598668.298794,0.058,normal,-79.085,0.59,84166.5516666667,0.00025,0.0,372,maker,2025-03-21T16:11:08.402645
001F24B7000000F7,0000000000000001182EF4419E8F6A44,BTC-PERPETUAL,buy,84174.0,0.01,P,1742598668.509211,0.068,normal,-79.675,0.21,84166.5516666667,0.00025,0.0,372,maker,2025-03-21T16:11:08.603848
001F24B700000119,0000000000000001182EF456F1C06213,BTC-PERPETUAL,buy,84138.0,0.028,P,1742598760.0992432,0.096,normal,-79.885,0.59,84137.105,0.00025,0.0,406,maker,2025-03-21T16:12:40.195224
001F24B700000119,0000000000000001182EF45703C9F4B5,BTC-PERPETUAL,buy,84138.0,0.004,P,1742598760.4018602,0.1,normal,-80.475,0.08,84134.4383333333,0.00025,0.0,406,maker,2025-03-21T16:12:40.498439
001F24B70000011B,0000000000000001182EF457453FE77B,BTC-PERPETUAL,buy,84131.0,0.028,P,1742598761.5001092,0.128,normal,-80.555,0.59,84125.455,0.00025,0.0,408,maker,2025-03-21T16:12:41.603917
001F24B70000011B,0000000000000001182EF4578D000C4A,BTC-PERPETUAL,buy,84131.0,0.004,P,1742598762.7038832,0.132,normal,-81.145,0.08,84123.5433333333,0.00025,0.0,408,maker,2025-03-21T16:12:42.805183
001F24B700000132,0000000000000001182EF4659CD4E74B,BTC-PERPETUAL,sell,84147.0,0.024,P,1742598823.099033,0.108,normal,-0.24672727,-81.47172727,0.5,84149.8666666667,0.00025,0.0,431,maker,2025-03-21T16:13:43.198075
001F24B700000134,0000000000000001182EF466DEC4B964,BTC-PERPETUAL,sell,84159.0,0.028,P,1742598828.5002372,0.08,normal,0.04815151,-81.92357576,0.59,84177.6066666667,0.00025,0.0,433,maker,2025-03-21T16:13:48.599726
001F24B70000013C,0000000000000001182EF46B68FCF222,BTC-PERPETUAL,sell,84187.0,0.017,P,1742598847.999046,0.063,normal,0.50523485,-82.00834091,0.36,84191.5483333333,0.00025,0.0,441,maker,2025-03-21T16:14:08.095636
001F24B700000155,0000000000000001182EF47AB54C1DD9,BTC-PERPETUAL,buy,84185.0,0.023,P,1742598913.7038133,0.086,normal,-82.36834091,0.48,84186.48,0.00025,0.0,466,maker,2025-03-21T16:15:13.798677
001F24B700000167,0000000000000001182EF486358FCAEF,BTC-PERPETUAL,buy,84181.0,0.025,P,1742598963.100372,0.111,normal,-82.84834091,0.53,84183.57,0.00025,0.0,484,maker,2025-03-21T16:16:03.201732
001F24B70000017D,0000000000000001182EF49416507606,BTC-PERPETUAL,buy,84159.0,0.017,P,1742599022.7056699,0.128,normal,-83.37834091,0.36,84157.1415,0.00025,0.0,506,maker,2025-03-21T16:17:02.801815
001F24B7000001E7,0000000000000001182EF4D56B075650,BTC-PERPETUAL,buy,84139.0,0.028,P,1742599303.299815,0.156,normal,-83.73834091,0.59,84130.1583333333,0.00025,0.0,612,maker,2025-03-21T16:21:43.399810
001F24B7000001E7,0000000000000001182EF4D570FB2B41,BTC-PERPETUAL,buy,84139.0,0.015,P,1742599303.399681,0.171,normal,-84.32834091,0.32,84130.1583333333,0.00025,0.0,612,maker,2025-03-21T16:21:43.497002
001F24B700000231,0000000000000001182EF503D8891CC7,BTC-PERPETUAL,buy,84122.0,0.028,P,1742599502.705532,0.199,normal,-84.64834091,0.59,84110.9316666667,0.00025,0.0,686,maker,2025-03-21T16:25:02.826469
001F24B700000231,0000000000000001182EF503E438ED3F,BTC-PERPETUAL,buy,84122.0,0.027,P,1742599502.9016042,0.226,normal,-85.23834091,0.57,84110.9316666667,0.00025,0.0,686,maker,2025-03-21T16:25:03.003943
001F24B7000002F9,0000000000000008182EF557B4C608E8,BTC-PERPETUAL,buy,84097.0,0.04,P,1742599862.8827982,0.04,normal,-104.741,0.84,84099.4696666667,0.00025,0.0,886,maker,2025-03-21T16:31:02.993060
001F24B70000031D,0000000000000001182EF56C8CB2E5E4,BTC-PERPETUAL,buy,84093.0,0.028,P,1742599952.404768,0.068,normal,-105.581,0.59,84088.1183333333,0.00025,0.0,922,maker,2025-03-21T16:32:32.505157
001F24B70000031D,0000000000000001182EF56C928C11B6,BTC-PERPETUAL,buy,84093.0,0.028,P,1742599952.502887,0.096,normal,-106.171,0.59,84088.1183333333,0.00025,0.0,922,maker,2025-03-21T16:32:32.600598
001F24B70000031D,0000000000000001182EF56C9859939B,BTC-PERPETUAL,buy,84093.0,0.014,P,1742599952.600241,0.11,normal,-106.761,0.29,84088.1183333333,0.00025,0.0,922,maker,2025-03-21T16:32:32.698604
001F24B700000379,0000000000000001182EF5A56DD50D8D,BTC-PERPETUAL,buy,84096.0,0.028,P,1742600196.700049,0.138,normal,-107.051,0.59,84087.4233333333,0.00025,0.0,1014,maker,2025-03-21T16:36:36.802526
001F24B700000379,0000000000000001182EF5A573C4E125,BTC-PERPETUAL,buy,84096.0,0.024,P,1742600196.799652,0.162,normal,-107.641,0.5,84087.4233333333,0.00025,0.0,1014,maker,2025-03-21T16:36:36.907877
001F24B70000044F,0000000000000001182EF62D255730CD,BTC-PERPETUAL,buy,84067.0,0.028,P,1742600779.5993931,0.19,normal,-108.141,0.59,84066.0816666667,0.00025,0.0,1228,maker,2025-03-21T16:46:19.736196
001F24B70000044F,0000000000000001182EF62D2B5CCF75,BTC-PERPETUAL,buy,84067.0,0.001,P,1742600779.7004251,0.191,normal,-108.731,0.02,84055.2445,0.00025,0.0,1228,maker,2025-03-21T16:46:19.796897
001F24B700000495,0000000000000001182EF65914C117B6,BTC-PERPETUAL,buy,84055.0,0.028,P,1742600968.2996821,0.219,normal,-108.751,0.59,84050.915,0.00025,0.0,1298,maker,2025-03-21T16:49:28.396390
001F24B700000495,0000000000000001182EF6591ABA0972,BTC-PERPETUAL,buy,84055.0,0.006,P,1742600968.399882,0.225,normal,-109.341,0.13,84050.915,0.00025,0.0,1298,maker,2025-03-21T16:49:28.499870
001F24B700000585,0000000000000001182EF6BDA9FCEACA,BTC-PERPETUAL,sell,84038.0,0.028,P,1742601400.300137,0.197,normal,-1.32471111,-110.79571111,0.59,84053.8706666667,0.00025,0.0,1538,maker,2025-03-21T16:56:40.406643
001F24B7000005D9,0000000000000008182EF6F1885A3E0B,BTC-PERPETUAL,buy,84046.0,0.023,P,1742601623.0741272,0.023,normal,-124.954,0.48,84043.4046666667,0.00025,0.0,1622,maker,2025-03-21T17:00:23.202443
001F24B7000005EE,0000000000000001182EF6FE345F1478,BTC-PERPETUAL,sell,84050.0,0.025,P,1742601677.4997332,-0.002,normal,0.092,-125.342,0.53,84054.9916666667,0.00025,0.0,1643,maker,2025-03-21T17:01:17.598617
001F24B7000005FF,0000000000000001182EF7099195FC5E,BTC-PERPETUAL,buy,84082.0,0.014,P,1742601726.308253,0.012,normal,-0.064,-125.936,0.29,84066.5261666667,0.00025,0.0,1660,maker,2025-03-21T17:02:06.405999
001F24B70000064B,0000000000000001182EF7375D421ABF,BTC-PERPETUAL,buy,84045.0,0.028,P,1742601922.998836,0.04,normal,-126.226,0.59,84032.673,0.00025,0.0,1736,maker,2025-03-21T17:05:23.095005
001F24B700000672,0000000000000001182EF74EC3BA7A9E,BTC-PERPETUAL,sell,84040.0,0.019,P,1742602023.502249,0.021,normal,-0.3059,-127.1219,0.4,84046.1461666667,0.00025,0.0,1775,maker,2025-03-21T17:07:03.604588
001F24B70000068D,0000000000000001182EF7609F3DA2AF,BTC-PERPETUAL,buy,84060.0,0.028,P,1742602100.1994991,0.049,normal,-127.5219,0.59,84046.014,0.00025,0.0,1802,maker,2025-03-21T17:08:20.307679
001F24B7000006A6,0000000000000001182EF76E94AE2B83,BTC-PERPETUAL,sell,84027.0,0.013,P,1742602160.1518662,0.036,normal,-0.40727143,-128.51917143,0.27,84053.864,0.00025,0.0,1827,maker,2025-03-21T17:09:20.252128
001F24B7000006C0,0000000000000001182EF77E3182F6DA,BTC-PERPETUAL,sell,84089.0,0.01,P,1742602227.2075672,0.026,normal,0.30671429,-128.48245714,0.21,84100.2716666667,0.00025,0.0,1853,maker,2025-03-21T17:10:27.311280
001F24B7000006D5,0000000000000001182EF78B4DC62304,BTC-PERPETUAL,buy,84108.0,0.015,P,1742602283.516306,0.041,normal,-128.69245714,0.32,84101.7516666667,0.00025,0.0,1874,maker,2025-03-21T17:11:23.615731
001F24B7000006FB,0000000000000001182EF7A1FA5F321D,BTC-PERPETUAL,buy,84093.0,0.023,P,1742602380.901299,0.064,normal,-129.01245714,0.48,84095.43,0.00025,0.0,1912,maker,2025-03-21T17:13:00.998710
001F24B700000711,0000000000000001182EF7B0C6C893E8,BTC-PERPETUAL,buy,84079.0,0.017,P,1742602444.460299,0.081,normal,-129.49245714,0.36,84059.5866666667,0.00025,0.0,1934,maker,2025-03-21T17:14:04.564560
001F24B700000713,0000000000000001182EF7B0ECF2A823,BTC-PERPETUAL,buy,84057.0,0.017,P,1742602445.1005912,0.098,normal,-129.85245714,0.36,84059.5866666667,0.00025,0.0,1936,maker,2025-03-21T17:14:05.196707
001F24B700000725,0000000000000001182EF7BCCCBBD426,BTC-PERPETUAL,buy,84065.0,0.01,P,1742602496.099734,0.108,normal,-130.21245714,0.21,84057.1481666667,0.00025,0.0,1954,maker,2025-03-21T17:14:56.195989
001F24B70000073E,0000000000000001182EF7CB93F70E3B,BTC-PERPETUAL,sell,84060.0,0.017,P,1742602559.5718243,0.091,normal,-0.27665027,-130.69910741,0.36,84096.1483333333,0.00025,0.0,1979,maker,2025-03-21T17:15:59.674627
001F24B700000740,0000000000000001182EF7CBD0C49043,BTC-PERPETUAL,sell,84078.0,0.016,P,1742602560.5919251,0.075,normal,0.02762328,-131.03148413,0.34,84099.2683333333,0.00025,0.0,1981,maker,2025-03-21T17:16:00.693328
001F24B70000075B,0000000000000001182EF7DC297449EB,BTC-PERPETUAL,buy,84119.0,0.014,P,1742602630.799314,0.089,normal,-131.37148413,0.29,84107.6516666667,0.00025,0.0,2008,maker,2025-03-21T17:17:10.894834
001F24B70000076D,0000000000000001182EF7E7C7B3445A,BTC-PERPETUAL,buy,84098.0,0.015,P,1742602680.6988811,0.104,normal,-131.66148413,0.32,84088.8065,0.00025,0.0,2026,maker,2025-03-21T17:18:00.812031
001F24B700000772,0000000000000001182EF7E9CE6BF04A,BTC-PERPETUAL,sell,84092.0,0.017,P,1742602689.4015822,0.087,normal,0.11630029,-131.86518384,0.36,84099.6683333333,0.00025,0.0,2031,maker,2025-03-21T17:18:09.497411
001F24B70000079C,0000000000000001182EF803E22D6A6F,BTC-PERPETUAL,sell,84130.0,0.025,P,1742602801.402178,0.062,normal,1.12102984,-131.104154,0.53,84134.6483333333,0.00025,0.0,2073,maker,2025-03-21T17:20:01.524720
001F24B7000007BF,0000000000000001182EF81AA7B46710,BTC-PERPETUAL,buy,84141.0,0.023,P,1742602899.2054172,0.085,normal,-131.634154,0.48,84127.7333333333,0.00025,0.0,2108,maker,2025-03-21T17:21:39.305950
001F24B7000007DA,0000000000000001182EF829B20B4E17,BTC-PERPETUAL,sell,84132.0,0.02,P,1742602963.803394,0.065,normal,0.63462447,-131.47952953,0.42,84131.135,0.00025,0.0,2135,maker,2025-03-21T17:22:43.899540
001F24B7000007F0,0000000000000001182EF8384D1B7225,BTC-PERPETUAL,sell,84115.0,0.017,P,1742603026.534462,0.048,normal,0.2504308,-131.64909873,0.36,84115.0383333333,0.00025,0.0,2157,maker,2025-03-21T17:23:46.630986
001F24B7000007FA,0000000000000001182EF83E230E07E6,BTC-PERPETUAL,sell,84141.0,0.014,P,1742603051.5987442,0.034,normal,0.57023713,-131.4388616,0.29,84142.4216666667,0.00025,0.0,2167,maker,2025-03-21T17:24:11.700575
001F24B70000080D,0000000000000001182EF84B631EC204,BTC-PERPETUAL,buy,84159.0,0.016,P,1742603108.508156,0.05,normal,-131.7288616,0.34,84161.6468333333,0.00025,0.0,2186,maker,2025-03-21T17:25:08.604341
001F24B700000830,0000000000000001182EF85FBC352C52,BTC-PERPETUAL,sell,84165.0,0.028,P,1742603195.9021442,0.022,normal,1.2862425,-130.7826191,0.59,84175.5266666667,0.00025,0.0,2221,maker,2025-03-21T17:26:36.001351
001F24B700000830,0000000000000001182EF85FC868480F,BTC-PERPETUAL,sell,84165.0,0.023,P,1742603196.10682,-0.001,normal,1.0106191,-130.362,0.48,84175.5266666667,0.00025,0.0,2221,maker,2025-03-21T17:26:36.215743
001F24B700000834,0000000000000001182EF862698E37EE,BTC-PERPETUAL,sell,84180.0,0.023,P,1742603207.400372,-0.024,normal,-130.842,0.48,84194.83,0.00025,0.0,2225,maker,2025-03-21T17:26:47.496449
001F24B70000084F,0000000000000001182EF8740F8D1660,BTC-PERPETUAL,buy,84185.0,0.018,P,1742603283.19976,-0.006,normal,-0.10125,-131.42325,0.38,84177.475,0.00025,0.0,2252,maker,2025-03-21T17:28:03.296624
001F24B700000883,0000000000000001182EF893BFB89B8B,BTC-PERPETUAL,buy,84199.0,0.02,P,1742603419.299388,0.014,normal,-0.11775,-131.921,0.42,84193.0683333333,0.00025,0.0,2304,maker,2025-03-21T17:30:19.656246
001F24B700000887,0000000000000001182EF896672C92DA,BTC-PERPETUAL,buy,84181.0,0.017,P,1742603430.698718,0.031,normal,-132.341,0.36,84175.1216666667,0.00025,0.0,2308,maker,2025-03-21T17:30:30.805971
001F24B70000089B,0000000000000001182EF8A258EE8B74,BTC-PERPETUAL,buy,84166.0,0.018,P,1742603481.9993792,0.049,normal,-132.701,0.38,84162.5466666667,0.00025,0.0,2328,maker,2025-03-21T17:31:22.099106
001F24B7000008B0,0000000000000001182EF8AF62C8B88E,BTC-PERPETUAL,sell,84175.0,0.016,P,1742603537.999248,0.033,normal,-0.09012245,-133.17112245,0.34,84191.9016666667,0.00025,0.0,2349,maker,2025-03-21T17:32:18.098471
001F24BC00000042,0000000000000001182F3A85DBE76E23,BTC-PERPETUAL,buy,84180.0,0.022,P,1742675927.41011,0.022,normal,0.0,0.46,84182.545,0.00025,0.0,166,maker,2025-03-22T13:38:47.520097
001F24BC000000F6,0000000000000001182F3AF3DF2EC098,BTC-PERPETUAL,buy,84159.0,0.006,P,1742676399.911519,0.028,normal,-0.46,0.13,84156.4818333333,0.00025,0.0,346,maker,2025-03-22T13:46:40.011175
001F24BC000000F6,0000000000000001182F3AF3E4EBCB33,BTC-PERPETUAL,buy,84159.0,0.028,P,1742676400.007793,0.056,normal,-0.59,0.59,84156.4818333333,0.00025,0.0,346,maker,2025-03-22T13:46:40.112686
001F24BC000000F6,0000000000000001182F3AF3EA964DBD,BTC-PERPETUAL,buy,84159.0,0.027,P,1742676400.102854,0.083,normal,-1.18,0.57,84156.4818333333,0.00025,0.0,346,maker,2025-03-22T13:46:40.199991
001F24BC00000166,0000000000000001182F3B3874D8E6B9,BTC-PERPETUAL,buy,84123.0,0.036,P,1742676694.480251,0.119,normal,-1.75,0.76,84100.358,0.00025,0.0,458,maker,2025-03-22T13:51:34.587425
001F24BC000001D4,0000000000000001182F3B7C9CA7108F,BTC-PERPETUAL,buy,84056.0,0.028,P,1742676987.2058492,0.147,normal,-2.51,0.59,84053.1983333333,0.00025,0.0,568,maker,2025-03-22T13:56:27.302986
001F24BC000001D4,0000000000000001182F3B7CE9C77084,BTC-PERPETUAL,buy,84056.0,0.008,P,1742676988.4998171,0.155,normal,-3.1,0.17,84050.6983333333,0.00025,0.0,568,maker,2025-03-22T13:56:28.591891
001F24BC000001EC,0000000000000001182F3B8AC448942D,BTC-PERPETUAL,buy,84042.0,0.028,P,1742677048.000288,0.183,normal,-3.27,0.59,84025.1116666667,0.00025,0.0,592,maker,2025-03-22T13:57:28.116271
001F24BC000001EC,0000000000000001182F3B8ACA33157A,BTC-PERPETUAL,buy,84042.0,0.002,P,1742677048.0995421,0.185,normal,-3.86,0.04,84025.1116666667,0.00025,0.0,592,maker,2025-03-22T13:57:28.191708
001F24BC00000200,0000000000000001182F3B96AA491B2C,BTC-PERPETUAL,buy,83995.0,0.011,P,1742677099.103722,0.196,normal,-3.9,0.23,83989.3533333333,0.00025,0.0,612,maker,2025-03-22T13:58:19.434836
001F24BC00000214,0000000000000001182F3BA413509974,BTC-PERPETUAL,buy,83979.0,0.014,P,1742677156.700396,0.21,normal,-4.13,0.29,83971.2485,0.00025,0.0,632,maker,2025-03-22T13:59:16.799011
001F24BC00000216,0000000000000001182F3BA43D0D7372,BTC-PERPETUAL,buy,83966.0,0.013,P,1742677157.400638,0.223,normal,-4.42,0.27,83955.9033333333,0.00025,0.0,634,maker,2025-03-22T13:59:17.491775
001F24BC00000234,0000000000000001182F3BB105632A74,BTC-PERPETUAL,buy,83929.0,0.013,P,1742677212.3013062,0.236,normal,-4.69,0.27,83912.6025,0.00025,0.0,664,maker,2025-03-22T14:00:12.393741
001F24BC00000244,0000000000000001182F3BB6D7699257,BTC-PERPETUAL,sell,83896.0,0.012,P,1742677237.2997782,0.224,normal,-2.24710169,-7.20710169,0.25,83913.2675,0.00025,0.0,680,maker,2025-03-22T14:00:37.398783
001F24BC00000294,0000000000000001182F3BD9B84574BE,BTC-PERPETUAL,buy,83891.0,0.028,P,1742677387.1011732,0.252,normal,-7.45710169,0.59,83881.095,0.00025,0.0,760,maker,2025-03-22T14:03:07.193132
001F24BC00000294,0000000000000001182F3BD9BE1D7283,BTC-PERPETUAL,buy,83891.0,0.002,P,1742677387.1992142,0.254,normal,-8.04710169,0.04,83881.095,0.00025,0.0,760,maker,2025-03-22T14:03:07.305702
001F24BC00000297,0000000000000001182F3BDA809D80A5,BTC-PERPETUAL,buy,83867.0,0.026,P,1742677390.462387,0.28,normal,-8.08710169,0.55,83848.57,0.00025,0.0,763,maker,2025-03-22T14:03:10.575687
001F24BC0000029B,0000000000000001182F3BDC0646A7CE,BTC-PERPETUAL,sell,83857.0,0.013,P,1742677396.999809,0.267,normal,-2.41251671,-11.0496184,0.27,83866.7175,0.00025,0.0,767,maker,2025-03-22T14:03:17.092668
001F24BC0000029E,0000000000000001182F3BDDE31975E2,BTC-PERPETUAL,sell,83881.0,0.01,P,1742677404.999579,0.257,normal,-1.61578208,-12.93540048,0.21,83888.8625,0.00025,0.0,770,maker,2025-03-22T14:03:25.096321
001F24BC000002A1,0000000000000001182F3BDE0DF7BE8C,BTC-PERPETUAL,sell,83889.0,0.01,P,1742677405.71879,0.247,normal,-1.53578208,-14.68118256,0.21,83901.8675,0.00025,0.0,773,maker,2025-03-22T14:03:25.811623
001F24BC000002A0,0000000000000001182F3BDF1C4D88A3,BTC-PERPETUAL,buy,83884.0,0.01,P,1742677410.25426,0.257,normal,-14.89118256,0.21,83863.4125,0.00025,0.0,772,maker,2025-03-22T14:03:30.354858
001F24BC000002AD,0000000000000001182F3BE3739D2F5A,BTC-PERPETUAL,sell,83866.0,0.01,P,1742677428.8989682,0.247,normal,-1.7040785,-16.80526106,0.21,83872.4575,0.00025,0.0,785,maker,2025-03-22T14:03:48.991848
001F24BC000002E2,0000000000000001182F3BFA8C914524,BTC-PERPETUAL,buy,83912.0,0.017,P,1742677528.101865,0.264,normal,-17.01526106,0.36,83910.7516666667,0.00025,0.0,838,maker,2025-03-22T14:05:28.195065
001F24BC000003A3,0000000000000001182F3C4AB0C0ACB0,BTC-PERPETUAL,sell,83979.0,0.028,P,1742677872.306335,0.236,normal,-1.38310868,-18.75836974,0.59,83989.8683333333,0.00025,0.0,1031,maker,2025-03-22T14:11:12.467684
001F24BC000003A3,0000000000000001182F3C4ABC4CA04B,BTC-PERPETUAL,sell,83979.0,0.026,P,1742677872.5000563,0.21,normal,-1.2843152,-20.63268494,0.55,83989.8683333333,0.00025,0.0,1031,maker,2025-03-22T14:11:12.592589
001F24BC000003A6,0000000000000001182F3C4B45864A80,BTC-PERPETUAL,sell,84007.0,0.037,P,1742677874.802314,0.173,normal,-0.79167932,-21.97436426,0.78,84030.12,0.00025,0.0,1034,maker,2025-03-22T14:11:14.905396
001F24BC000003AC,0000000000000001182F3C4D9ACEB4D5,BTC-PERPETUAL,sell,84019.0,0.013,P,1742677884.8230581,0.16,normal,-0.1221576,-22.87652186,0.27,84040.081,0.00025,0.0,1040,maker,2025-03-22T14:11:24.926826
001F24BC00000425,0000000000000001182F3C9AB09D7DA0,BTC-PERPETUAL,buy,84071.0,0.015,P,1742678215.9014132,0.175,normal,-23.14652186,0.32,84061.5833333333,0.00025,0.0,1161,maker,2025-03-22T14:16:55.996327
001F24BC000004D3,0000000000000001182F3D05D16DDFB9,BTC-PERPETUAL,buy,84026.0,0.028,P,1742678676.013441,0.203,normal,-23.46652186,0.59,84018.955,0.00025,0.0,1335,maker,2025-03-22T14:24:36.110424
001F24BC000004D3,0000000000000001182F3D05D74D9808,BTC-PERPETUAL,buy,84026.0,0.01,P,1742678676.111989,0.213,normal,-24.05652186,0.21,84018.955,0.00025,0.0,1335,maker,2025-03-22T14:24:36.204385
001F24BC00000667,0000000000000001182F3DAF50CDA085,BTC-PERPETUAL,buy,84039.0,0.028,P,1742679403.9998963,0.241,normal,-24.26652186,0.59,84043.7048333333,0.00025,0.0,1739,maker,2025-03-22T14:36:44.098130
001F24BC00000667,0000000000000001182F3DAF570DCB4F,BTC-PERPETUAL,buy,84039.0,0.028,P,1742679404.104764,0.269,normal,-24.85652186,0.59,84043.7048333333,0.00025,0.0,1739,maker,2025-03-22T14:36:44.255397
001F24BC00000667,0000000000000001182F3DAF6F636BD3,BTC-PERPETUAL,buy,84039.0,0.005,P,1742679404.5130293,0.274,normal,-25.44652186,0.11,84031.1931666667,0.00025,0.0,1739,maker,2025-03-22T14:36:44.606960
001F24BC0000066A,0000000000000001182F3DB11BB350E8,BTC-PERPETUAL,buy,84020.0,0.028,P,1742679411.698914,0.302,normal,-25.55652186,0.59,84015.7383333333,0.00025,0.0,1742,maker,2025-03-22T14:36:51.813936
001F24BC0000066A,0000000000000001182F3DB121C07FD7,BTC-PERPETUAL,buy,84020.0,0.003,P,1742679411.8004413,0.305,normal,-26.14652186,0.06,84015.7383333333,0.00025,0.0,1742,maker,2025-03-22T14:36:51.898374
001F24BC000006A9,0000000000000001182F3DC9B83EE5D2,BTC-PERPETUAL,buy,84001.0,0.028,P,1742679517.4045222,0.333,normal,-26.20652186,0.59,84000.0981666667,0.00025,0.0,1805,maker,2025-03-22T14:38:37.498324
001F24BC000006A9,0000000000000001182F3DC9BE177953,BTC-PERPETUAL,buy,84001.0,0.028,P,1742679517.502602,0.361,normal,-26.79652186,0.59,84000.0981666667,0.00025,0.0,1805,maker,2025-03-22T14:38:37.595947
001F24BC000006A9,0000000000000001182F3DC9C4155C87,BTC-PERPETUAL,buy,84001.0,0.028,P,1742679517.603126,0.389,normal,-27.38652186,0.59,83996.9315,0.00025,0.0,1805,maker,2025-03-22T14:38:37.711514
001F24BC000006D9,0000000000000001182F3DDD5EDC6913,BTC-PERPETUAL,buy,83987.0,0.028,P,1742679601.804241,0.417,normal,-27.97652186,0.59,83977.0171666667,0.00025,0.0,1853,maker,2025-03-22T14:40:01.896970
001F24BC000006D9,0000000000000001182F3DDD64CA6FAC,BTC-PERPETUAL,buy,83987.0,0.021,P,1742679601.9037273,0.438,normal,-28.56652186,0.44,83977.0171666667,0.00025,0.0,1853,maker,2025-03-22T14:40:01.996443
001F24BC000008B0,0000000000000001182F3EFBFBE172C8,BTC-PERPETUAL,buy,84023.0,0.019,P,1742680832.799241,0.019,normal,-56.653,0.4,84018.9983333333,0.00025,0.0,2404,maker,2025-03-22T15:00:32.901281
001F24C500000010,0000000000000001182F3F1AE76EB4D4,BTC-PERPETUAL,buy,83996.0,0.01,P,1742680965.6001632,0.029,normal,-57.053,0.21,83994.665,0.00025,0.0,116,maker,2025-03-22T15:02:45.691557
001F24C500000031,0000000000000001182F3F2F1BE88CD5,BTC-PERPETUAL,sell,83994.0,0.059,P,1742681052.37991,-0.03,normal,-0.571,-57.834,1.24,84016.5835,0.00025,0.0,149,maker,2025-03-22T15:04:12.490311
001F24C500000036,0000000000000001182F3F32B355B943,BTC-PERPETUAL,buy,84011.0,0.022,P,1742681067.8053262,-0.008,normal,-0.374,-59.448,0.46,84014.4435,0.00025,0.0,154,maker,2025-03-22T15:04:27.907297
001F24C50000003E,0000000000000001182F3F37E46C3FFA,BTC-PERPETUAL,buy,83990.0,0.015,P,1742681090.103722,0.007,normal,0.032,-59.876,0.31,83991.5216666667,0.00025,0.0,162,maker,2025-03-22T15:04:50.196141
001F24C500000077,0000000000000001182F3F5A29FFDA3C,BTC-PERPETUAL,sell,84016.0,0.028,P,1742681237.299911,-0.021,normal,0.182,-60.004,0.59,84018.08,0.00025,0.0,219,maker,2025-03-22T15:07:17.413686
001F24C500000077,0000000000000001182F3F5A309B983D,BTC-PERPETUAL,sell,84016.0,0.003,P,1742681237.4107811,-0.024,normal,-60.594,0.06,84018.08,0.00025,0.0,219,maker,2025-03-22T15:07:17.506361
001F24C50000007A,0000000000000001182F3F5CADFADBE0,BTC-PERPETUAL,buy,84025.0,0.017,P,1742681248.1041112,-0.007,normal,-0.153,-60.807,0.36,84027.9916666667,0.00025,0.0,222,maker,2025-03-22T15:07:28.200874
001F24C50000010F,0000000000000001182F3FBA64AC8C4E,BTC-PERPETUAL,sell,84032.0,0.028,P,1742681650.601168,-0.035,normal,-61.167,0.59,84042.5116666667,0.00025,0.0,371,maker,2025-03-22T15:14:10.699166
001F24C50000010F,0000000000000001182F3FBA6ADDE2C5,BTC-PERPETUAL,sell,84032.0,0.028,P,1742681650.705065,-0.063,normal,-61.757,0.59,84042.5116666667,0.00025,0.0,371,maker,2025-03-22T15:14:10.799688
001F24C50000010F,0000000000000001182F3FBA769CBA8C,BTC-PERPETUAL,sell,84032.0,0.004,P,1742681650.902121,-0.067,normal,-62.347,0.08,84042.5116666667,0.00025,0.0,371,maker,2025-03-22T15:14:10.994100
001F24C500000208,0000000000000001182F4055F6C2BCAF,BTC-PERPETUAL,buy,84052.0,0.064,P,1742682318.772027,-0.003,normal,-1.38698507,-63.81398507,1.34,84019.2516666667,0.00025,0.0,620,maker,2025-03-22T15:25:18.879771
001F24C500000268,0000000000000001182F4090BCD4A3F4,BTC-PERPETUAL,buy,84014.0,0.028,P,1742682571.2031922,0.025,normal,0.04898507,-65.105,0.59,84008.6033333333,0.00025,0.0,716,maker,2025-03-22T15:29:31.301741
001F24C500000268,0000000000000001182F4090C321D34E,BTC-PERPETUAL,buy,84014.0,0.028,P,1742682571.308914,0.053,normal,-65.695,0.59,84008.6033333333,0.00025,0.0,716,maker,2025-03-22T15:29:31.410779
001F24C50000026A,0000000000000001182F409139E1EC8B,BTC-PERPETUAL,buy,84007.0,0.028,P,1742682573.301214,0.081,normal,-66.285,0.59,84007.6866666667,0.00025,0.0,718,maker,2025-03-22T15:29:33.396404
001F24C50000026A,0000000000000001182F409145A97BBD,BTC-PERPETUAL,buy,84007.0,0.028,P,1742682573.4988422,0.109,normal,-66.875,0.59,84007.6866666667,0.00025,0.0,718,maker,2025-03-22T15:29:33.596095
001F24C50000026A,0000000000000001182F40914BC16EB5,BTC-PERPETUAL,buy,84007.0,0.003,P,1742682573.601075,0.112,normal,-67.465,0.06,84007.6866666667,0.00025,0.0,718,maker,2025-03-22T15:29:33.693497
001F24C5000002CD,0000000000000001182F40CEC386A29A,BTC-PERPETUAL,sell,84012.0,0.028,P,1742682837.6034932,0.084,normal,0.04725,-67.47775,0.59,84025.325,0.00025,0.0,817,maker,2025-03-22T15:33:57.704611
001F24C5000002E4,0000000000000001182F40DC8C29C01F,BTC-PERPETUAL,buy,84018.0,0.028,P,1742682896.8042011,0.112,normal,-68.06775,0.59,84010.6616666667,0.00025,0.0,840,maker,2025-03-22T15:34:56.900045
001F24C5000003C4,0000000000000001182F4169CE72C778,BTC-PERPETUAL,buy,84013.0,0.028,P,1742683503.5066712,0.14,normal,-68.65775,0.59,84011.3516666667,0.00025,0.0,1064,maker,2025-03-22T15:45:03.631387
001F24C5000003C4,0000000000000001182F4169D3FA4F36,BTC-PERPETUAL,buy,84013.0,0.028,P,1742683503.59944,0.168,normal,-69.24775,0.59,84011.3516666667,0.00025,0.0,1064,maker,2025-03-22T15:45:03.699357
001F24C5000003C4,0000000000000001182F416A10242DAE,BTC-PERPETUAL,buy,84013.0,0.028,P,1742683504.608817,0.196,normal,-69.83775,0.59,84004.435,0.00025,0.0,1064,maker,2025-03-22T15:45:04.705088
001F24C5000003FC,0000000000000001182F418BE44EABEF,BTC-PERPETUAL,buy,83991.0,0.028,P,1742683649.902292,0.224,normal,-70.42775,0.59,83994.0016666667,0.00025,0.0,1120,maker,2025-03-22T15:47:30.001542
001F24C5000003FC,0000000000000001182F418BEAD9479A,BTC-PERPETUAL,buy,83991.0,0.028,P,1742683650.012039,0.252,normal,-71.01775,0.59,83994.0016666667,0.00025,0.0,1120,maker,2025-03-22T15:47:30.118442
001F24C5000003FC,0000000000000001182F418BF0D197AD,BTC-PERPETUAL,buy,83991.0,0.028,P,1742683650.112199,0.28,normal,-71.60775,0.59,83994.0016666667,0.00025,0.0,1120,maker,2025-03-22T15:47:30.220625
001F24C5000003FC,0000000000000001182F418BF605BFD2,BTC-PERPETUAL,buy,83991.0,0.003,P,1742683650.1995032,0.283,normal,-72.19775,0.06,83994.0016666667,0.00025,0.0,1120,maker,2025-03-22T15:47:30.310231
001F24C50000064D,0000000000000001182F42811BC14341,BTC-PERPETUAL,buy,83927.0,0.028,P,1742684703.099536,0.311,normal,-72.25775,0.59,83916.4733333333,0.00025,0.0,1713,maker,2025-03-22T16:05:03.217663
001F24C50000064D,0000000000000001182F428121D6E46E,BTC-PERPETUAL,buy,83927.0,0.028,P,1742684703.201617,0.339,normal,-72.84775,0.59,83916.4733333333,0.00025,0.0,1713,maker,2025-03-22T16:05:03.296872
001F24C50000064D,0000000000000001182F428127AC568D,BTC-PERPETUAL,buy,83927.0,0.013,P,1742684703.2994921,0.352,normal,-73.43775,0.27,83916.4733333333,0.00025,0.0,1713,maker,2025-03-22T16:05:03.441970
001F24C500000680,0000000000000001182F4296952DD6D7,BTC-PERPETUAL,buy,83891.0,0.015,P,1742684795.3310082,0.367,normal,-73.70775,0.31,83890.075,0.00025,0.0,1764,maker,2025-03-22T16:06:35.431378
001F24C500000680,0000000000000001182F4296952DD6D8,BTC-PERPETUAL,buy,83891.0,0.007,P,1742684795.3310082,0.374,normal,-74.01775,0.15,83890.075,0.00025,0.0,1764,maker,2025-03-22T16:06:35.433323
001F24C50000078B,0000000000000001182F4305747979A0,BTC-PERPETUAL,buy,83876.0,0.028,P,1742685271.5236871,0.402,normal,-74.16775,0.59,83878.9983333333,0.00025,0.0,2031,maker,2025-03-22T16:14:31.628318
001F24C80000002E,0000000000000001182F47FB0140A968,BTC-PERPETUAL,buy,84027.0,0.028,P,1742690724.1990502,0.028,normal,-66.838,0.59,84017.5233333333,0.00025,0.0,146,maker,2025-03-22T17:45:24.296604
001F24C80000002E,0000000000000001182F47FB075EED97,BTC-PERPETUAL,buy,84027.0,0.008,P,1742690724.301696,0.036,normal,-67.428,0.17,84017.5233333333,0.00025,0.0,146,maker,2025-03-22T17:45:24.404765
001F24C800000036,0000000000000001182F480032F2B7E7,BTC-PERPETUAL,buy,84005.0,0.02,P,1742690746.5076392,0.056,normal,-67.598,0.42,83995.935,0.00025,0.0,154,maker,2025-03-22T17:45:46.612717
001F24C800000098,0000000000000001182F483CCDA5199F,BTC-PERPETUAL,buy,84010.0,0.028,P,1742691006.801058,0.084,normal,-68.018,0.59,84006.18,0.00025,0.0,252,maker,2025-03-22T17:50:06.909255
001F24C800000098,0000000000000001182F483CF18A9EE3,BTC-PERPETUAL,buy,84010.0,0.028,P,1742691007.403303,0.112,normal,-68.608,0.59,84006.18,0.00025,0.0,252,maker,2025-03-22T17:50:07.502983
001F24C800000098,0000000000000001182F483CF7535E8E,BTC-PERPETUAL,buy,84010.0,0.013,P,1742691007.5003452,0.125,normal,-69.198,0.27,84004.2633333333,0.00025,0.0,252,maker,2025-03-22T17:50:07.593128
001F24C8000000A0,0000000000000001182F48411D5B7174,BTC-PERPETUAL,buy,84003.0,0.028,P,1742691025.318278,0.153,normal,-69.468,0.59,84007.345,0.00025,0.0,260,maker,2025-03-22T17:50:25.417201
001F24C8000000A0,0000000000000001182F48411D5B7175,BTC-PERPETUAL,buy,84003.0,0.003,P,1742691025.318278,0.156,normal,-70.058,0.06,84007.345,0.00025,0.0,260,maker,2025-03-22T17:50:25.419369
001F24C8000000D6,0000000000000001182F486397BBA4E3,BTC-PERPETUAL,buy,83994.0,0.028,P,1742691173.4002912,0.184,normal,-70.118,0.59,83990.405,0.00025,0.0,314,maker,2025-03-22T17:52:53.494423
001F24C8000000E0,0000000000000001182F48692842015B,BTC-PERPETUAL,buy,83984.0,0.028,P,1742691197.2998521,0.212,normal,-70.708,0.59,83988.905,0.00025,0.0,324,maker,2025-03-22T17:53:17.391369
001F24C8000000E0,0000000000000001182F48694637854C,BTC-PERPETUAL,buy,83984.0,0.009,P,1742691197.802481,0.221,normal,-71.298,0.19,83969.5783333333,0.00025,0.0,324,maker,2025-03-22T17:53:17.907276
001F24C8000000E5,0000000000000001182F486BA0018198,BTC-PERPETUAL,buy,83958.0,0.015,P,1742691207.8988252,0.236,normal,-71.488,0.31,83956.4883333333,0.00025,0.0,329,maker,2025-03-22T17:53:27.991170
001F24C8000001C3,0000000000000001182F48C7E5D7D5AF,BTC-PERPETUAL,buy,83996.0,0.028,P,1742691604.2074912,0.264,normal,-71.798,0.59,83993.0166666667,0.00025,0.0,551,maker,2025-03-22T18:00:04.308533
001F24C8000001C3,0000000000000001182F48C7EB697CCA,BTC-PERPETUAL,buy,83996.0,0.028,P,1742691604.3009222,0.292,normal,-72.388,0.59,83993.0166666667,0.00025,0.0,551,maker,2025-03-22T18:00:04.392764
001F24C8000001C3,0000000000000001182F48C7F1577D25,BTC-PERPETUAL,buy,83996.0,0.028,P,1742691604.4004061,0.32,normal,-72.978,0.59,83993.0166666667,0.00025,0.0,551,maker,2025-03-22T18:00:04.490645
001F24C8000001C3,0000000000000001182F48C7F737816D,BTC-PERPETUAL,buy,83996.0,0.028,P,1742691604.4989731,0.348,normal,-73.568,0.59,83993.0166666667,0.00025,0.0,551,maker,2025-03-22T18:00:04.586825
001F24C8000001C3,0000000000000001182F48C7FFF2E5FA,BTC-PERPETUAL,buy,83996.0,0.028,P,1742691604.645472,0.376,normal,-74.158,0.59,83993.0166666667,0.00025,0.0,551,maker,2025-03-22T18:00:04.733033
001F24C8000001C3,0000000000000001182F48C8036D86FB,BTC-PERPETUAL,buy,83996.0,0.026,P,1742691604.70384,0.402,normal,-74.748,0.55,83993.0166666667,0.00025,0.0,551,maker,2025-03-22T18:00:04.795794
001F24CB00000010,0000000000000001182F49F3B67547F5,BTC-PERPETUAL,buy,84101.0,0.028,P,1742692891.9026911,0.028,normal,-58.425,0.59,84106.9116666667,0.00025,0.0,116,maker,2025-03-22T18:21:32.003246
001F24CB00000010,0000000000000001182F49F3BC6C3081,BTC-PERPETUAL,buy,84101.0,0.009,P,1742692892.002759,0.037,normal,-59.015,0.19,84106.9116666667,0.00025,0.0,116,maker,2025-03-22T18:21:32.098355
001F251D0000000C,0000000000000001182FCECD564DF794,BTC-PERPETUAL,buy,88433.0,0.029,P,1742838962.127239,0.029,normal,0.0,0.64,88428.4566666667,0.00025,0.0,112,maker,2025-03-24T10:56:02.225358
001F251D0000000C,0000000000000001182FCECD6205FF9E,BTC-PERPETUAL,buy,88433.0,0.029,P,1742838962.3238502,0.058,normal,-0.64,0.64,88428.4566666667,0.00025,0.0,112,maker,2025-03-24T10:56:02.420349
001F251D0000000E,0000000000000001182FCECDEB1FD541,BTC-PERPETUAL,buy,88406.0,0.029,P,1742838964.624021,0.087,normal,-1.28,0.64,88410.1916666667,0.00025,0.0,114,maker,2025-03-24T10:56:04.713845
001F251D0000000E,0000000000000001182FCECE20EC9A5A,BTC-PERPETUAL,buy,88406.0,0.001,P,1742838965.526633,0.088,normal,-1.92,0.02,88399.4833333333,0.00025,0.0,114,maker,2025-03-24T10:56:05.615465
001F251D00000014,0000000000000001182FCED0BC5F8838,BTC-PERPETUAL,buy,88407.0,0.011,P,1742838976.7245681,0.099,normal,-1.94,0.24,88413.585,0.00025,0.0,120,maker,2025-03-24T10:56:16.817974
001F251D00000030,0000000000000001182FCEE362BCBB89,BTC-PERPETUAL,buy,88459.0,0.016,P,1742839056.825105,0.115,normal,-2.18,0.35,88461.7378333333,0.00025,0.0,148,maker,2025-03-24T10:57:36.915815
001F251D00000048,0000000000000001182FCEF31FF8B06F,BTC-PERPETUAL,buy,88460.0,0.025,P,1742839124.4244382,0.14,normal,-2.53,0.55,88457.115,0.00025,0.0,172,maker,2025-03-24T10:58:44.521733
001F251D0000004A,0000000000000001182FCEF3A92CAB43,BTC-PERPETUAL,buy,88452.0,0.024,P,1742839126.7263231,0.164,normal,-3.08,0.53,88443.785,0.00025,0.0,174,maker,2025-03-24T10:58:46.819476
001F251D00000052,0000000000000001182FCEF7F179199D,BTC-PERPETUAL,buy,88424.0,0.018,P,1742839145.1191611,0.182,normal,-3.61,0.4,88428.025,0.00025,0.0,182,maker,2025-03-24T10:59:05.210717
001F251D00000057,0000000000000001182FCEFB5215FCD4,BTC-PERPETUAL,sell,88431.0,0.018,P,1742839159.624957,0.164,normal,-0.06458242,-4.07458242,0.4,88445.9116666667,0.00025,0.0,187,maker,2025-03-24T10:59:19.716511
001F251D0000006A,0000000000000001182FCF07AB8367F7,BTC-PERPETUAL,buy,88468.0,0.017,P,1742839212.6649082,0.181,normal,-4.47458242,0.38,88469.285,0.00025,0.0,206,maker,2025-03-24T11:00:12.768802
001F251D00000074,0000000000000001182FCF0CF213C2CB,BTC-PERPETUAL,buy,88464.0,0.018,P,1742839235.3236103,0.199,normal,-4.85458242,0.4,88456.84,0.00025,0.0,216,maker,2025-03-24T11:00:35.453320
001F251D0000007A,0000000000000001182FCF11B7FAB84A,BTC-PERPETUAL,buy,88450.0,0.015,P,1742839255.8237271,0.214,normal,-5.25458242,0.33,88442.2975,0.00025,0.0,222,maker,2025-03-24T11:00:55.916646
001F251D00000081,0000000000000001182FCF14F48648D4,BTC-PERPETUAL,sell,88434.0,0.013,P,1742839269.7244081,0.201,normal,-0.08835247,-5.67293489,0.29,88443.8866666667,0.00025,0.0,229,maker,2025-03-24T11:01:09.814374
001F251D00000084,0000000000000001182FCF16AD8DA82E,BTC-PERPETUAL,buy,88458.0,0.011,P,1742839277.123643,0.212,normal,-5.96293489,0.24,88456.8666666667,0.00025,0.0,232,maker,2025-03-24T11:01:17.222448
001F251D00000086,0000000000000001182FCF177E6E244A,BTC-PERPETUAL,buy,88447.0,0.011,P,1742839280.6280162,0.223,normal,-6.20293489,0.24,88442.7881666667,0.00025,0.0,234,maker,2025-03-24T11:01:20.721011
001F251D00000090,0000000000000001182FCF1DEB4C3A5D,BTC-PERPETUAL,buy,88446.0,0.014,P,1742839308.2243142,0.237,normal,-6.44293489,0.31,88440.0366666667,0.00025,0.0,244,maker,2025-03-24T11:01:48.314497
001F251D00000093,0000000000000002182FCF1F2047681B,BTC-PERPETUAL,sell,88429.0,0.016,P,1742839313.408158,0.221,normal,-0.21104237,-6.96397726,0.35,88448.6083333333,0.00025,0.0,247,maker,2025-03-24T11:01:53.514909
001F251D00000095,0000000000000001182FCF1FBC2E6A35,BTC-PERPETUAL,buy,88431.0,0.014,P,1742839316.023766,0.235,normal,-7.31397726,0.31,88437.595,0.00025,0.0,249,maker,2025-03-24T11:01:56.125089
001F251D00000097,0000000000000001182FCF21991B6ACF,BTC-PERPETUAL,buy,88409.0,0.012,P,1742839324.0252533,0.247,normal,-7.62397726,0.27,88410.05,0.00025,0.0,251,maker,2025-03-24T11:02:04.116420
001F251D0000009A,0000000000000001182FCF2239F44281,BTC-PERPETUAL,buy,88396.0,0.012,P,1742839326.723818,0.259,normal,-7.89397726,0.27,88389.2953333333,0.00025,0.0,254,maker,2025-03-24T11:02:06.817616
001F251D000000A0,0000000000000001182FCF25291A15C1,BTC-PERPETUAL,buy,88381.0,0.011,P,1742839339.3259861,0.27,normal,-8.16397726,0.24,88378.3595,0.00025,0.0,260,maker,2025-03-24T11:02:19.685746
001F251D000000B6,0000000000000001182FCF2E79382CAA,BTC-PERPETUAL,sell,88383.0,0.018,P,1742839379.324841,0.252,normal,-0.94660152,-9.35057878,0.4,88391.3383333333,0.00025,0.0,282,maker,2025-03-24T11:02:59.420983
001F251D000000C1,0000000000000001182FCF336F227ACD,BTC-PERPETUAL,buy,88394.0,0.018,P,1742839400.630484,0.27,normal,-9.75057878,0.4,88387.4,0.00025,0.0,293,maker,2025-03-24T11:03:20.721494
001F251D000000C5,0000000000000001182FCF344B46FB88,BTC-PERPETUAL,sell,88382.0,0.017,P,1742839404.3238642,0.253,normal,-0.86387837,-11.01445715,0.38,88379.5451666667,0.00025,0.0,297,maker,2025-03-24T11:03:24.416035
001F251D000000CB,0000000000000001182FCF374069B7BE,BTC-PERPETUAL,sell,88407.0,0.012,P,1742839417.026493,0.241,normal,-0.3097965,-11.70425365,0.27,88411.4483333333,0.00025,0.0,303,maker,2025-03-24T11:03:37.121530
001F251D000000CE,0000000000000001182FCF37525A3C28,BTC-PERPETUAL,sell,88410.0,0.012,P,1742839417.3274682,0.229,normal,-0.2737965,-12.24805015,0.27,88411.4483333333,0.00025,0.0,306,maker,2025-03-24T11:03:37.425575
001F251D000000DE,0000000000000001182FCF4131CED06F,BTC-PERPETUAL,buy,88414.0,0.013,P,1742839459.731132,0.242,normal,-12.51805015,0.29,88410.5583333333,0.00025,0.0,322,maker,2025-03-24T11:04:19.899518
001F251D000000E4,0000000000000001182FCF446A75BDA2,BTC-PERPETUAL,sell,88395.0,0.015,P,1742839473.566498,0.227,normal,-0.55208367,-13.36013382,0.33,88421.2983333333,0.00025,0.0,328,maker,2025-03-24T11:04:33.661750
001F251D000000EA,0000000000000001182FCF45EC1445A2,BTC-PERPETUAL,sell,88427.0,0.011,P,1742839480.0361161,0.216,normal,-0.05286136,-13.74299518,0.24,88443.1716666667,0.00025,0.0,334,maker,2025-03-24T11:04:40.134650
001F251D00000109,0000000000000001182FCF5A44DF658E,BTC-PERPETUAL,buy,88451.0,0.021,P,1742839567.425169,0.237,normal,-13.98299518,0.46,88449.3373333333,0.00025,0.0,365,maker,2025-03-24T11:06:07.521423
001F251D00000114,0000000000000001182FCF5EDC7500B3,BTC-PERPETUAL,buy,88459.0,0.02,P,1742839587.1482022,0.257,normal,-14.44299518,0.44,88450.7695,0.00025,0.0,376,maker,2025-03-24T11:06:27.237467
001F251D00000126,0000000000000001182FCF650696DD0A,BTC-PERPETUAL,buy,88448.0,0.011,P,1742839613.6248682,0.268,normal,-14.88299518,0.24,88454.3435,0.00025,0.0,394,maker,2025-03-24T11:06:53.718628
001F251D0000012F,0000000000000001182FCF69AEA7C8F3,BTC-PERPETUAL,buy,88417.0,0.012,P,1742839633.6244192,0.28,normal,-15.12299518,0.27,88417.3626666667,0.00025,0.0,403,maker,2025-03-24T11:07:13.713359
001F251D00000132,0000000000000001182FCF6A140CD355,BTC-PERPETUAL,buy,88401.0,0.013,P,1742839635.325539,0.293,normal,-15.39299518,0.29,88397.825,0.00025,0.0,406,maker,2025-03-24T11:07:15.414361
001F251D00000135,0000000000000001182FCF6BF0CF7BA2,BTC-PERPETUAL,buy,88377.0,0.014,P,1742839643.324251,0.307,normal,-15.68299518,0.31,88373.6816666667,0.00025,0.0,409,maker,2025-03-24T11:07:23.414747
001F251D0000014A,0000000000000001182FCF73DC44A22F,BTC-PERPETUAL,buy,88353.0,0.014,P,1742839677.339346,0.321,normal,-15.99299518,0.31,88352.4936666667,0.00025,0.0,430,maker,2025-03-24T11:07:57.429941
001F251D0000014D,0000000000000001182FCF74CA037AFA,BTC-PERPETUAL,buy,88344.0,0.014,P,1742839681.328053,0.335,normal,-16.30299518,0.31,88340.9525,0.00025,0.0,433,maker,2025-03-24T11:08:01.423839
001F251D00000156,0000000000000001182FCF78AD2E71D8,BTC-PERPETUAL,buy,88348.0,0.016,P,1742839698.024199,0.351,normal,-16.61299518,0.35,88336.7685,0.00025,0.0,442,maker,2025-03-24T11:08:18.120589
001F251D0000015C,0000000000000001182FCF7A486C3250,BTC-PERPETUAL,buy,88319.0,0.014,P,1742839704.9236822,0.365,normal,-16.96299518,0.31,88308.7166666667,0.00025,0.0,448,maker,2025-03-24T11:08:25.020472
001F251D0000015F,0000000000000001182FCF7BD98E8543,BTC-PERPETUAL,buy,88301.0,0.013,P,1742839711.6535943,0.378,normal,-17.27299518,0.29,88295.7651666667,0.00025,0.0,451,maker,2025-03-24T11:08:31.756138
001F251E00000009,0000000000000001182FD0B5A28DE5F8,BTC-PERPETUAL,sell,88308.0,0.013,P,1742841059.350538,-0.013,normal,-82.685,0.29,88327.1693333333,0.00025,0.0,109,maker,2025-03-24T11:30:59.457629
001F251E00000018,0000000000000002182FD0BFCDCDB6BC,BTC-PERPETUAL,buy,88331.0,0.01,P,1742841103.025813,-0.003,normal,-0.23,-83.205,0.22,88329.7235,0.00025,0.0,124,maker,2025-03-24T11:31:43.133138
001F251E0000001A,0000000000000001182FD0BFE33F661C,BTC-PERPETUAL,buy,88323.0,0.01,P,1742841103.385585,0.007,normal,-0.045,-83.47,0.22,88302.8818333333,0.00025,0.0,126,maker,2025-03-24T11:31:43.495263
001F251E00000020,0000000000000001182FD0C2DB2990F6,BTC-PERPETUAL,buy,88275.0,0.01,P,1742841116.134839,0.017,normal,-83.69,0.22,88276.3083333333,0.00025,0.0,132,maker,2025-03-24T11:31:56.240775
001F251E0000002A,0000000000000001182FD0C8C486A3F7,BTC-PERPETUAL,buy,88251.0,0.01,P,1742841141.524866,0.027,normal,-83.91,0.22,88234.4408333333,0.00025,0.0,142,maker,2025-03-24T11:32:21.632190
001F251E00000033,0000000000000001182FD0CEA29A1A5A,BTC-PERPETUAL,sell,88237.0,0.01,P,1742841166.72552,0.017,normal,-0.41555556,-84.54555556,0.22,88246.1346666667,0.00025,0.0,151,maker,2025-03-24T11:32:46.829561
001F251E00000035,0000000000000002182FD0CECE23E225,BTC-PERPETUAL,sell,88248.0,0.01,P,1742841167.45597,0.007,normal,-0.30555555,-85.07111111,0.22,88267.6118333333,0.00025,0.0,153,maker,2025-03-24T11:32:47.564264
001F251E00000054,0000000000000001182FD0E2BA72F0F0,BTC-PERPETUAL,buy,88209.0,0.018,P,1742841253.0249531,0.025,normal,-85.29111111,0.4,88205.2958333333,0.00025,0.0,184,maker,2025-03-24T11:34:13.127597
001F251E00000066,0000000000000001182FD0EEE7B2EAE1,BTC-PERPETUAL,buy,88190.0,0.016,P,1742841305.323728,0.041,normal,-85.69111111,0.35,88184.285,0.00025,0.0,202,maker,2025-03-24T11:35:05.428166
001F251E0000006C,0000000000000001182FD0F24DE9251C,BTC-PERPETUAL,buy,88176.0,0.011,P,1742841319.9234602,0.052,normal,-86.04111111,0.24,88172.5901666667,0.00025,0.0,208,maker,2025-03-24T11:35:20.027174
001F251E0000006C,0000000000000001182FD0F271C5E73C,BTC-PERPETUAL,buy,88176.0,0.005,P,1742841320.52513,0.057,normal,-86.28111111,0.11,88172.5901666667,0.00025,0.0,208,maker,2025-03-24T11:35:20.635157
001F251E00000071,0000000000000001182FD0F4535EAD58,BTC-PERPETUAL,sell,88158.0,0.014,P,1742841328.604983,0.043,normal,-0.62923587,-87.02034698,0.31,88179.8116666667,0.00025,0.0,213,maker,2025-03-24T11:35:28.713469
001F251E00000091,0000000000000001182FD1079BF44369,BTC-PERPETUAL,sell,88207.0,0.013,P,1742841411.427124,0.03,normal,0.05270955,-87.27763743,0.29,88224.4088333333,0.00025,0.0,245,maker,2025-03-24T11:36:51.538813
001F251E00000097,0000000000000001182FD10AE42ACAEF,BTC-PERPETUAL,sell,88228.0,0.011,P,1742841425.523559,0.019,normal,0.27560039,-87.29203704,0.24,88227.767,0.00025,0.0,251,maker,2025-03-24T11:37:05.629309
001F251E000000A3,0000000000000001182FD11390330E09,BTC-PERPETUAL,sell,88233.0,0.012,P,1742841462.7695203,0.007,normal,0.36065497,-87.17138207,0.26,88260.8433333333,0.00025,0.0,263,maker,2025-03-24T11:37:42.879418
001F251E000000C2,0000000000000001182FD126579303A5,BTC-PERPETUAL,buy,88258.0,0.021,P,1742841543.4238863,0.028,normal,-87.43138207,0.46,88260.7516666667,0.00025,0.0,294,maker,2025-03-24T11:39:03.530308
001F251E000000D3,0000000000000001182FD12FD18CC6DF,BTC-PERPETUAL,sell,88260.0,0.02,P,1742841584.125004,0.008,normal,0.31527291,-87.57610916,0.44,88278.62,0.00025,0.0,311,maker,2025-03-24T11:39:44.226820
001F251E000000D5,0000000000000001182FD130A807C9F6,BTC-PERPETUAL,sell,88286.0,0.015,P,1742841587.72339,-0.007,normal,0.33410916,-87.682,0.33,88283.5195,0.00025,0.0,313,maker,2025-03-24T11:39:47.833900
001F251E000000D7,0000000000000001182FD130BFE6EF96,BTC-PERPETUAL,sell,88298.0,0.013,P,1742841588.12389,-0.02,normal,-88.012,0.29,88315.3446666667,0.00025,0.0,315,maker,2025-03-24T11:39:48.227096
001F251E000000D9,0000000000000001182FD13143048428,BTC-PERPETUAL,sell,88346.0,0.01,P,1742841590.323644,-0.03,normal,-88.302,0.22,88346.0716666667,0.00025,0.0,317,maker,2025-03-24T11:39:50.427652
001F251E000000DE,0000000000000001182FD1345BCD40E5,BTC-PERPETUAL,buy,88350.0,0.01,P,1742841603.6243541,-0.02,normal,-0.388,-88.91,0.22,88352.995,0.00025,0.0,322,maker,2025-03-24T11:40:03.759523
001F251E000000E5,0000000000000001182FD1384B17279B,BTC-PERPETUAL,sell,88384.0,0.01,P,1742841620.5238543,-0.03,normal,-89.13,0.22,88399.9398333333,0.00025,0.0,329,maker,2025-03-24T11:40:20.628198
001F251E000000EB,0000000000000001182FD13B63D51411,BTC-PERPETUAL,sell,88416.0,0.01,P,1742841633.8238564,-0.04,normal,-89.35,0.22,88427.595,0.00025,0.0,335,maker,2025-03-24T11:40:33.933848
001F251E000000ED,0000000000000001182FD13C465C5256,BTC-PERPETUAL,sell,88435.0,0.01,P,1742841637.62437,-0.05,normal,-89.57,0.22,88445.2681666667,0.00025,0.0,337,maker,2025-03-24T11:40:37.731926
001F251E000000EF,0000000000000001182FD13C8DD6876D,BTC-PERPETUAL,sell,88465.0,0.01,P,1742841638.823561,-0.06,normal,-89.79,0.22,88465.6731666667,0.00025,0.0,339,maker,2025-03-24T11:40:38.928420
001F251E000000F3,0000000000000001182FD13ECA0ED47C,BTC-PERPETUAL,sell,88485.0,0.01,P,1742841648.423818,-0.07,normal,-90.01,0.22,88503.7533333333,0.00025,0.0,343,maker,2025-03-24T11:40:48.530110
001F251E000000F5,0000000000000001182FD13FFFF9F4EC,BTC-PERPETUAL,sell,88505.0,0.009,P,1742841653.623388,-0.079,normal,-90.23,0.2,88510.5683333333,0.00025,0.0,345,maker,2025-03-24T11:40:53.727307
001F251E000000F5,0000000000000001182FD1400BF09F7B,BTC-PERPETUAL,sell,88505.0,0.001,P,1742841653.824102,-0.08,normal,-90.43,0.02,88510.5683333333,0.00025,0.0,345,maker,2025-03-24T11:40:53.927373
001F251E00000106,0000000000000001182FD14A685F0F0B,BTC-PERPETUAL,buy,88532.0,0.01,P,1742841698.3245173,-0.07,normal,-1.1795,-91.6295,0.22,88530.1063333333,0.00025,0.0,362,maker,2025-03-24T11:41:38.446638
001F251E00000116,0000000000000001182FD1537CF6BD69,BTC-PERPETUAL,buy,88508.0,0.014,P,1742841737.3247073,-0.056,normal,-1.3153,-93.1648,0.31,88506.7083333333,0.00025,0.0,378,maker,2025-03-24T11:42:17.428462
001F251E0000011E,0000000000000001182FD15802358771,BTC-PERPETUAL,buy,88482.0,0.013,P,1742841756.740061,-0.043,normal,-0.88335,-94.35815,0.29,88485.9116666667,0.00025,0.0,386,maker,2025-03-24T11:42:36.846856
001F251E0000012D,0000000000000001182FD160D51EC6AA,BTC-PERPETUAL,sell,88464.0,0.012,P,1742841794.6383011,-0.055,normal,-94.64815,0.27,88471.9833333333,0.00025,0.0,401,maker,2025-03-24T11:43:14.740624
001F251E0000013B,0000000000000001182FD1689578B26C,BTC-PERPETUAL,sell,88506.0,0.01,P,1742841827.9301913,-0.065,normal,-94.91815,0.22,88507.49,0.00025,0.0,415,maker,2025-03-24T11:43:48.036203
001F251E0000013C,0000000000000001182FD1698F8E31D9,BTC-PERPETUAL,buy,88531.0,0.01,P,1742841832.1259031,-0.055,normal,-0.93582308,-96.07397308,0.22,88528.6566666667,0.00025,0.0,416,maker,2025-03-24T11:43:52.256603
001F251E00000154,0000000000000001182FD177FF0B2DC7,BTC-PERPETUAL,buy,88522.0,0.014,P,1742841894.1259081,-0.041,normal,-1.18415231,-97.47812539,0.31,88526.6171666667,0.00025,0.0,440,maker,2025-03-24T11:44:54.229159
001F251E00000169,0000000000000001182FD1842EBE328F,BTC-PERPETUAL,sell,88531.0,0.014,P,1742841946.4657762,-0.055,normal,-97.78812539,0.31,88554.12,0.00025,0.0,461,maker,2025-03-24T11:45:46.580463
001F251E0000016E,0000000000000001182FD1889C6A8235,BTC-PERPETUAL,buy,88534.0,0.013,P,1742841965.485655,-0.042,normal,-0.94589764,-99.04402303,0.29,88488.9466666667,0.00025,0.0,466,maker,2025-03-24T11:46:05.604083
001F251E00000172,0000000000000001182FD1899F97D479,BTC-PERPETUAL,buy,88496.0,0.01,P,1742841969.8339243,-0.032,normal,-0.34761356,-99.68163659,0.22,88493.4716666667,0.00025,0.0,470,maker,2025-03-24T11:46:09.938017
001F251E00000176,0000000000000001182FD18C1D0A9C10,BTC-PERPETUAL,buy,88496.0,0.01,P,1742841980.528532,-0.022,normal,-0.34761357,-100.24925016,0.22,88468.6133333333,0.00025,0.0,474,maker,2025-03-24T11:46:20.637140
001F251E00000178,0000000000000001182FD18C28CB7351,BTC-PERPETUAL,buy,88465.0,0.01,P,1742841980.7257202,-0.012,normal,-0.03761356,-100.50686372,0.22,88468.6133333333,0.00025,0.0,476,maker,2025-03-24T11:46:20.831080
001F251E0000017B,0000000000000001182FD18D09E679C6,BTC-PERPETUAL,sell,88449.0,0.01,P,1742841984.502365,-0.022,normal,-100.72686372,0.22,88494.3065,0.00025,0.0,479,maker,2025-03-24T11:46:24.629203
001F251E0000017C,0000000000000001182FD18DC3FA6BAF,BTC-PERPETUAL,buy,88487.0,0.01,P,1742841987.6242342,-0.012,normal,-0.31324376,-101.26010748,0.22,88478.2866666667,0.00025,0.0,480,maker,2025-03-24T11:46:27.731528
001F251E00000182,0000000000000001182FD19153EDCA59,BTC-PERPETUAL,buy,88472.0,0.01,P,1742842002.9242272,-0.002,normal,-0.16324377,-101.64335125,0.22,88468.735,0.00025,0.0,486,maker,2025-03-24T11:46:43.031221
001F251E00000187,0000000000000001182FD194086E749A,BTC-PERPETUAL,sell,88469.0,0.01,P,1742842014.542493,-0.012,normal,-101.86335125,0.22,88491.4146666667,0.00025,0.0,491,maker,2025-03-24T11:46:54.649465
001F251E0000018E,0000000000000001182FD1972BF961D8,BTC-PERPETUAL,buy,88491.0,0.01,P,1742842028.0237021,-0.002,normal,-0.24220729,-102.32555854,0.22,88492.515,0.00025,0.0,498,maker,2025-03-24T11:47:08.126994
001F251E00000190,0000000000000001182FD198E55BD1C1,BTC-PERPETUAL,buy,88482.0,0.01,P,1742842035.4289062,0.008,normal,-0.03044146,-102.576,0.22,88483.0833333333,0.00025,0.0,500,maker,2025-03-24T11:47:15.534730
001F251E00000193,0000000000000001182FD19A8C40E061,BTC-PERPETUAL,sell,88470.0,0.01,P,1742842042.5239022,-0.002,normal,-0.096,-102.892,0.22,88497.3483333333,0.00025,0.0,503,maker,2025-03-24T11:47:22.654575
001F251E00000195,0000000000000001182FD19B06A48D31,BTC-PERPETUAL,sell,88499.0,0.01,P,1742842044.577255,-0.012,normal,-103.112,0.22,88524.1571666667,0.00025,0.0,505,maker,2025-03-24T11:47:24.683108
001F251E0000019C,0000000000000001182FD19F3A78427E,BTC-PERPETUAL,buy,88493.0,0.01,P,1742842062.626636,-0.002,normal,0.01166667,-103.32033333,0.22,88487.0033333333,0.00025,0.0,512,maker,2025-03-24T11:47:42.735654
001F251E0000019E,0000000000000001182FD1A0C9FC115A,BTC-PERPETUAL,buy,88474.0,0.01,P,1742842069.329384,0.008,normal,0.04033333,-103.5,0.22,88467.9683333333,0.00025,0.0,514,maker,2025-03-24T11:47:49.431123
001F251E000001A4,0000000000000001182FD1A430011BEA,BTC-PERPETUAL,buy,88460.0,0.01,P,1742842083.925892,0.018,normal,-103.72,0.22,88459.9,0.00025,0.0,520,maker,2025-03-24T11:48:04.035292
001F251E000001A7,0000000000000001182FD1A548AAC44A,BTC-PERPETUAL,sell,88443.0,0.01,P,1742842088.634631,0.008,normal,-0.23222222,-104.17222222,0.22,88469.5231666667,0.00025,0.0,523,maker,2025-03-24T11:48:08.747362
001F251E000001D2,0000000000000001182FD1BFD3379AAE,BTC-PERPETUAL,buy,88486.0,0.015,P,1742842202.628267,0.023,normal,-104.39222222,0.33,88490.725,0.00025,0.0,566,maker,2025-03-24T11:50:02.755266
001F251E000001DA,0000000000000001182FD1C4A5155D76,BTC-PERPETUAL,buy,88503.0,0.011,P,1742842223.329107,0.034,normal,-104.72222222,0.24,88509.03,0.00025,0.0,574,maker,2025-03-24T11:50:23.432564
001F251E000001EA,0000000000000001182FD1CE7826ADF3,BTC-PERPETUAL,buy,88501.0,0.01,P,1742842265.5249403,0.044,normal,-104.96222222,0.22,88492.0366666667,0.00025,0.0,590,maker,2025-03-24T11:51:05.637750
001F251E000001F2,0000000000000001182FD1D24FD8785B,BTC-PERPETUAL,buy,88470.0,0.01,P,1742842282.028595,0.054,normal,-105.18222222,0.22,88461.4566666667,0.00025,0.0,598,maker,2025-03-24T11:51:22.130067
001F251E000001F4,0000000000000001182FD1D40EDB3EF8,BTC-PERPETUAL,buy,88457.0,0.01,P,1742842289.5281932,0.064,normal,-105.40222222,0.22,88450.3251666667,0.00025,0.0,600,maker,2025-03-24T11:51:29.636934
001F251E000001F6,0000000000000001182FD1D43269AF50,BTC-PERPETUAL,buy,88440.0,0.01,P,1742842290.12473,0.074,normal,-105.62222222,0.22,88423.3485,0.00025,0.0,602,maker,2025-03-24T11:51:30.230350
001F251E000001FC,0000000000000001182FD1D6A5E8A031,BTC-PERPETUAL,buy,88412.0,0.01,P,1742842300.6523643,0.084,normal,-105.84222222,0.22,88415.3748333333,0.00025,0.0,608,maker,2025-03-24T11:51:40.755081
001F251E000001FE,0000000000000001182FD1D7AD32777D,BTC-PERPETUAL,buy,88412.0,0.01,P,1742842305.069611,0.094,normal,-106.06222222,0.22,88417.5615,0.00025,0.0,610,maker,2025-03-24T11:51:45.171588
001F251E00000200,0000000000000001182FD1D9B83D2A3F,BTC-PERPETUAL,buy,88412.0,0.01,P,1742842313.844796,0.104,normal,-106.28222222,0.22,88415.125,0.00025,0.0,612,maker,2025-03-24T11:51:53.956636
001F251E00000212,0000000000000001182FD1E4B75FC334,BTC-PERPETUAL,buy,88409.0,0.018,P,1742842361.0749261,0.122,normal,-106.50222222,0.4,88412.5783333333,0.00025,0.0,630,maker,2025-03-24T11:52:41.179187
001F251E0000021B,0000000000000001182FD1E9C1F8D7D8,BTC-PERPETUAL,sell,88415.0,0.02,P,1742842382.7275672,0.102,normal,-0.70897996,-107.61120218,0.44,88418.0546666667,0.00025,0.0,639,maker,2025-03-24T11:53:02.829953
001F251E00000224,0000000000000001182FD1F08E8C3307,BTC-PERPETUAL,buy,88433.0,0.011,P,1742842411.9295802,0.113,normal,-108.05120218,0.24,88428.305,0.00025,0.0,648,maker,2025-03-24T11:53:32.030855
001F251E00000226,0000000000000001182FD1F1351E8C85,BTC-PERPETUAL,buy,88425.0,0.01,P,1742842414.72419,0.123,normal,-108.29120218,0.22,88421.8881666667,0.00025,0.0,650,maker,2025-03-24T11:53:34.826160
001F251E0000023E,0000000000000001182FD200A4E8FCB5,BTC-PERPETUAL,buy,88451.0,0.016,P,1742842481.0242372,0.139,normal,-108.51120218,0.35,88456.49,0.00025,0.0,674,maker,2025-03-24T11:54:41.150525
001F251E00000245,0000000000000001182FD203EB6DE10C,BTC-PERPETUAL,sell,88454.0,0.016,P,1742842495.092253,0.123,normal,0.10718874,-108.75401344,0.35,88492.2583333333,0.00025,0.0,681,maker,2025-03-24T11:54:55.203531
001F251E00000251,0000000000000001182FD20A72CCC136,BTC-PERPETUAL,sell,88497.0,0.01,P,1742842523.1331992,0.113,normal,0.49699296,-108.60702048,0.22,88522.245,0.00025,0.0,693,maker,2025-03-24T11:55:23.246546
001F251E00000270,0000000000000001182FD21D2A98F79E,BTC-PERPETUAL,buy,88549.0,0.025,P,1742842603.526224,0.138,normal,-108.82702048,0.55,88546.4816666667,0.00025,0.0,724,maker,2025-03-24T11:56:43.629838
001F251E0000027A,0000000000000001182FD223A214D70B,BTC-PERPETUAL,buy,88538.0,0.025,P,1742842631.3006341,0.163,normal,-109.37702048,0.55,88527.9818333333,0.00025,0.0,734,maker,2025-03-24T11:57:11.418101
001F251E0000028E,0000000000000001182FD22F6BBC2F27,BTC-PERPETUAL,buy,88536.0,0.014,P,1742842681.9284623,0.177,normal,-109.92702048,0.31,88539.6183333333,0.00025,0.0,754,maker,2025-03-24T11:58:02.029370
001F251E000002A8,0000000000000001182FD24046FDEA06,BTC-PERPETUAL,buy,88539.0,0.023,P,1742842754.3264573,0.2,normal,-110.23702048,0.51,88525.6185,0.00025,0.0,780,maker,2025-03-24T11:59:14.448263
001F251E000002AC,0000000000000001182FD2422F9125A7,BTC-PERPETUAL,buy,88520.0,0.018,P,1742842762.523387,0.218,normal,-110.74702048,0.4,88513.075,0.00025,0.0,784,maker,2025-03-24T11:59:22.623003
001F251E000002B8,0000000000000001182FD249A2FAA997,BTC-PERPETUAL,buy,88495.0,0.014,P,1742842794.5244532,0.232,normal,-111.14702048,0.31,88492.0415,0.00025,0.0,796,maker,2025-03-24T11:59:54.626191
001F251E000002BE,0000000000000001182FD24D4AF41A37,BTC-PERPETUAL,buy,88482.0,0.013,P,1742842810.227498,0.245,normal,-111.45702048,0.29,88485.5483333333,0.00025,0.0,802,maker,2025-03-24T12:00:10.328236
001F251E000002C0,0000000000000001182FD24F15D77C01,BTC-PERPETUAL,buy,88467.0,0.013,P,1742842817.926364,0.258,normal,-111.74702048,0.29,88457.5766666667,0.00025,0.0,804,maker,2025-03-24T12:00:18.050608
001F251E000002D8,0000000000000001182FD25912C295E3,BTC-PERPETUAL,buy,88438.0,0.014,P,1742842860.824336,0.272,normal,-112.03702048,0.31,88435.5955,0.00025,0.0,828,maker,2025-03-24T12:01:00.927662
001F251E000002DB,0000000000000001182FD259CB876BBD,BTC-PERPETUAL,buy,88430.0,0.014,P,1742842863.9242442,0.286,normal,-112.34702048,0.31,88421.205,0.00025,0.0,831,maker,2025-03-24T12:01:04.024378
001F251E000002EA,0000000000000001182FD2605C7F9474,BTC-PERPETUAL,buy,88404.0,0.016,P,1742842892.1262302,0.302,normal,-112.65702048,0.35,88394.508,0.00025,0.0,846,maker,2025-03-24T12:01:32.226507
001F251E000002F6,0000000000000001182FD26558EA2DB7,BTC-PERPETUAL,buy,88391.0,0.014,P,1742842913.5409431,0.316,normal,-113.00702048,0.31,88392.2633333334,0.00025,0.0,858,maker,2025-03-24T12:01:53.645690
001F251E000002F9,0000000000000001182FD2657BC3B64A,BTC-PERPETUAL,buy,88388.0,0.014,P,1742842914.1256251,0.33,normal,-113.31702048,0.31,88392.2633333334,0.00025,0.0,861,maker,2025-03-24T12:01:54.231718
001F251E000002FC,0000000000000001182FD267A00BCEF6,BTC-PERPETUAL,buy,88366.0,0.016,P,1742842923.324264,0.346,normal,-113.62702048,0.35,88356.9633333333,0.00025,0.0,864,maker,2025-03-24T12:02:03.423518
001F251E00000308,0000000000000001182FD26C9B9498F3,BTC-PERPETUAL,buy,88341.0,0.016,P,1742842944.724179,0.362,normal,-113.97702048,0.35,88332.5283333333,0.00025,0.0,876,maker,2025-03-24T12:02:24.824469
001F251E0000030B,0000000000000001182FD26DEF54053E,BTC-PERPETUAL,buy,88329.0,0.015,P,1742842950.4242,0.377,normal,-114.32702048,0.33,88334.4583333333,0.00025,0.0,879,maker,2025-03-24T12:02:30.524946
001F25200000000C,0000000000000001182FD2793A2AA3AE,BTC-PERPETUAL,buy,88296.0,0.029,P,1742842998.92442,0.029,normal,-185.809,0.64,88282.8733333333,0.00025,0.0,112,maker,2025-03-24T12:03:19.019933
001F25200000000C,0000000000000001182FD279461A10CB,BTC-PERPETUAL,buy,88296.0,0.022,P,1742842999.12466,0.051,normal,-186.449,0.49,88282.8733333333,0.00025,0.0,112,maker,2025-03-24T12:03:19.216573
001F252000000012,0000000000000001182FD27CC1621AA4,BTC-PERPETUAL,buy,88274.0,0.016,P,1742843014.077881,0.067,normal,-186.939,0.35,88267.6055,0.00025,0.0,118,maker,2025-03-24T12:03:34.168970
001F25200000001F,0000000000000001182FD2841F161A08,BTC-PERPETUAL,sell,88278.0,0.014,P,1742843045.71473,0.053,normal,-0.17844776,-187.46744776,0.31,88312.2115,0.00025,0.0,131,maker,2025-03-24T12:04:05.809620
001F252000000023,0000000000000002182FD285083479CC,BTC-PERPETUAL,sell,88319.0,0.01,P,1742843049.625812,0.043,normal,0.28253731,-187.49491045,0.22,88304.233,0.00025,0.0,135,maker,2025-03-24T12:04:09.732601
001F25200000002C,0000000000000001182FD28A09B2D9DD,BTC-PERPETUAL,buy,88340.0,0.01,P,1742843071.1257071,0.053,normal,-187.71491045,0.22,88333.8658333333,0.00025,0.0,144,maker,2025-03-24T12:04:31.227156
001F25200000002E,0000000000000001182FD28B8163E250,BTC-PERPETUAL,buy,88329.0,0.01,P,1742843077.428765,0.063,normal,-187.93491045,0.22,88322.3,0.00025,0.0,146,maker,2025-03-24T12:04:37.523618
001F252000000039,0000000000000001182FD290E7EF3950,BTC-PERPETUAL,sell,88336.0,0.01,P,1742843100.62401,0.053,normal,0.31363658,-187.84127387,0.22,88336.2273333333,0.00025,0.0,157,maker,2025-03-24T12:05:00.724426
001F252000000043,0000000000000001182FD29743259DCE,BTC-PERPETUAL,sell,88362.0,0.01,P,1742843127.9241052,0.043,normal,0.57363658,-187.48763729,0.22,88365.3451666667,0.00025,0.0,167,maker,2025-03-24T12:05:28.015264
001F252000000047,0000000000000001182FD29A7F7E6E6A,BTC-PERPETUAL,sell,88374.0,0.01,P,1742843141.82146,0.033,normal,0.69363658,-187.01400071,0.22,88396.705,0.00025,0.0,171,maker,2025-03-24T12:05:41.925775
001F252000000053,0000000000000001182FD2A21D19477E,BTC-PERPETUAL,sell,88383.0,0.011,P,1742843174.5304022,0.022,normal,0.86200024,-186.37200047,0.24,88383.11,0.00025,0.0,183,maker,2025-03-24T12:06:14.624326
001F25200000006E,0000000000000001182FD2B2CE5A591B,BTC-PERPETUAL,buy,88400.0,0.022,P,1742843246.22371,0.044,normal,-186.61200047,0.49,88402.2435,0.00025,0.0,210,maker,2025-03-24T12:07:26.320875
001F25200000007D,0000000000000001182FD2BC06C7D9AC,BTC-PERPETUAL,sell,88419.0,0.014,P,1742843285.825117,0.03,normal,0.9335456,-186.16845487,0.31,88422.675,0.00025,0.0,225,maker,2025-03-24T12:08:05.916909
001F25200000008A,0000000000000001182FD2C4A417AAFC,BTC-PERPETUAL,buy,88411.0,0.015,P,1742843322.824109,0.045,normal,-186.47845487,0.33,88406.9866666666,0.00025,0.0,238,maker,2025-03-24T12:08:42.917636
001F252000000092,0000000000000001182FD2C86FA618A3,BTC-PERPETUAL,buy,88409.0,0.015,P,1742843339.1241202,0.06,normal,-186.80845487,0.33,88405.0366666667,0.00025,0.0,246,maker,2025-03-24T12:08:59.226057
001F252000000094,0000000000000001182FD2CAA68CAC9A,BTC-PERPETUAL,buy,88392.0,0.015,P,1742843348.6351352,0.075,normal,-187.13845487,0.33,88395.4616666667,0.00025,0.0,248,maker,2025-03-24T12:09:08.730109
001F2520000000B9,0000000000000001182FD2E06B14CD11,BTC-PERPETUAL,sell,88413.0,0.02,P,1742843442.1267042,0.055,normal,0.59345463,-186.87500024,0.44,88445.9533333333,0.00025,0.0,285,maker,2025-03-24T12:10:42.266760
001F2520000000CF,0000000000000001182FD2EE2DCA4A65,BTC-PERPETUAL,sell,88459.0,0.01,P,1742843501.227953,0.045,normal,0.75672732,-186.55827292,0.22,88480.4616666667,0.00025,0.0,307,maker,2025-03-24T12:11:41.385090
001F2520000000DF,0000000000000001182FD2F79B8DB262,BTC-PERPETUAL,sell,88481.0,0.022,P,1742843541.7241812,0.023,normal,2.14880009,-184.62947283,0.49,88485.4016666667,0.00025,0.0,323,maker,2025-03-24T12:12:21.835360
001F25200000010A,0000000000000001182FD312D34CF00F,BTC-PERPETUAL,buy,88514.0,0.029,P,1742843658.6235783,0.052,normal,-185.11947283,0.64,88517.045,0.00025,0.0,366,maker,2025-03-24T12:14:18.716354
001F25200000010A,0000000000000001182FD312D9651F7F,BTC-PERPETUAL,buy,88514.0,0.005,P,1742843658.7258263,0.057,normal,-185.75947283,0.11,88517.045,0.00025,0.0,366,maker,2025-03-24T12:14:18.820870
001F25200000012C,0000000000000001182FD32748A7B49A,BTC-PERPETUAL,buy,88497.0,0.034,P,1742843746.491807,0.091,normal,-185.86947283,0.75,88467.3235,0.00025,0.0,400,maker,2025-03-24T12:15:46.593405
001F252000000154,0000000000000002182FD33E8725AFD6,BTC-PERPETUAL,buy,88473.0,0.015,P,1742843846.3244991,0.106,normal,-186.61947283,0.33,88475.0216666667,0.00025,0.0,440,maker,2025-03-24T12:17:26.417990
001F252000000167,0000000000000001182FD3496D0C387D,BTC-PERPETUAL,sell,88433.0,0.01,P,1742843893.131262,0.096,normal,-0.41391766,-187.36339049,0.22,88445.285,0.00025,0.0,459,maker,2025-03-24T12:18:13.226510
001F252000000182,0000000000000001182FD359D0BDD242,BTC-PERPETUAL,buy,88475.0,0.012,P,1742843963.523323,0.108,normal,-187.58339049,0.27,88478.925,0.00025,0.0,486,maker,2025-03-24T12:19:23.613880
001F25200000018E,0000000000000001182FD36155FFAA5B,BTC-PERPETUAL,buy,88456.0,0.019,P,1742843995.8237782,0.127,normal,-187.85339049,0.42,88451.765,0.00025,0.0,498,maker,2025-03-24T12:19:55.915937
001F252000000190,0000000000000001182FD362B5C1EDCF,BTC-PERPETUAL,buy,88458.0,0.019,P,1742844001.7253132,0.146,normal,-188.27339049,0.42,88455.515,0.00025,0.0,500,maker,2025-03-24T12:20:01.831945
001F252000000199,0000000000000001182FD36761BFD0AC,BTC-PERPETUAL,sell,88453.0,0.019,P,1742844021.7907243,0.127,normal,-0.32138754,-189.01477803,0.42,88480.8683333333,0.00025,0.0,509,maker,2025-03-24T12:20:21.889750
001F2520000001AF,0000000000000001182FD37455C16CC9,BTC-PERPETUAL,sell,88480.0,0.01,P,1742844077.4240782,0.117,normal,0.10084866,-189.33392937,0.22,88486.955,0.00025,0.0,531,maker,2025-03-24T12:21:17.518097
001F2520000001B4,0000000000000001182FD3777A76AA17,BTC-PERPETUAL,buy,88502.0,0.01,P,1742844090.924838,0.127,normal,-189.55392937,0.22,88487.5183333333,0.00025,0.0,536,maker,2025-03-24T12:21:31.015240
001F2520000001B8,0000000000000002182FD378DA34913E,BTC-PERPETUAL,buy,88477.0,0.01,P,1742844096.826086,0.137,normal,-189.77392937,0.22,88455.8316666667,0.00025,0.0,540,maker,2025-03-24T12:21:36.955897
001F2520000001BD,0000000000000001182FD379BCC2AF86,BTC-PERPETUAL,sell,88460.0,0.01,P,1742844100.627051,0.127,normal,-0.12774238,-190.12167175,0.22,88461.9381666667,0.00025,0.0,545,maker,2025-03-24T12:21:40.720677
001F2520000001C1,0000000000000001182FD37BEB2B48E7,BTC-PERPETUAL,sell,88490.0,0.01,P,1742844109.995592,0.117,normal,0.17225762,-190.16941413,0.22,88512.3533333333,0.00025,0.0,549,maker,2025-03-24T12:21:50.091322
001F2520000001C4,0000000000000001182FD37E3AD3FCFD,BTC-PERPETUAL,buy,88505.0,0.01,P,1742844119.921983,0.127,normal,-190.38941413,0.22,88511.8416666667,0.00025,0.0,552,maker,2025-03-24T12:22:00.020550
001F2520000001C6,0000000000000001182FD37E77BAA60B,BTC-PERPETUAL,buy,88504.0,0.01,P,1742844120.943732,0.137,normal,-190.60941413,0.22,88506.435,0.00025,0.0,554,maker,2025-03-24T12:22:01.035313
001F2520000001D4,0000000000000002182FD387FC65A56E,BTC-PERPETUAL,buy,88470.0,0.01,P,1742844161.824237,0.147,normal,-190.82941413,0.22,88474.625,0.00025,0.0,568,maker,2025-03-24T12:22:41.915813
001F2520000001D6,0000000000000001182FD3885C11FCE7,BTC-PERPETUAL,buy,88455.0,0.011,P,1742844163.429367,0.158,normal,-191.04941413,0.24,88460.895,0.00025,0.0,570,maker,2025-03-24T12:22:43.518977
001F2520000001DA,0000000000000001182FD38B9838641E,BTC-PERPETUAL,buy,88453.0,0.013,P,1742844177.323419,0.171,normal,-191.28941413,0.29,88454.86,0.00025,0.0,574,maker,2025-03-24T12:22:57.415259
001F2520000001DC,0000000000000001182FD38C74C1CE96,BTC-PERPETUAL,buy,88434.0,0.014,P,1742844181.023412,0.185,normal,-191.57941413,0.31,88436.7218333333,0.00025,0.0,576,maker,2025-03-24T12:23:01.119022
001F2520000001DE,0000000000000001182FD38D39A67ADC,BTC-PERPETUAL,buy,88418.0,0.013,P,1742844184.326733,0.198,normal,-191.88941413,0.29,88422.1483333333,0.00025,0.0,578,maker,2025-03-24T12:23:04.418728
001F2520000001EE,0000000000000001182FD39824E8D42A,BTC-PERPETUAL,buy,88398.0,0.012,P,1742844231.2234,0.21,normal,-192.17941413,0.27,88397.7515,0.00025,0.0,594,maker,2025-03-24T12:23:51.314644
001F2520000001F2,0000000000000001182FD39ABA89FE05,BTC-PERPETUAL,buy,88385.0,0.012,P,1742844242.3237011,0.222,normal,-192.44941413,0.27,88369.5266666667,0.00025,0.0,598,maker,2025-03-24T12:24:02.420773
001F252100000003,0000000000000001182FD39D78019977,BTC-PERPETUAL,sell,88369.0,0.019,P,1742844254.092368,0.203,normal,-1.71056366,-194.42997779,0.42,88393.55,0.00025,0.0,103,maker,2025-03-24T12:24:14.195908
001F252100000007,0000000000000001182FD39EDE4D9B19,BTC-PERPETUAL,sell,88408.0,0.01,P,1742844260.103593,0.193,normal,-0.51029666,-195.36027445,0.22,88428.5583333333,0.00025,0.0,107,maker,2025-03-24T12:24:20.211480
001F252100000014,0000000000000001182FD3A7CD677D23,BTC-PERPETUAL,buy,88429.0,0.012,P,1742844298.474782,0.205,normal,-195.58027445,0.27,88433.5551666667,0.00025,0.0,120,maker,2025-03-24T12:24:58.570091
001F252100000026,0000000000000002182FD3B24AA70280,BTC-PERPETUAL,buy,88425.0,0.023,P,1742844343.5257702,0.228,normal,-195.85027445,0.51,88434.6618333333,0.00025,0.0,138,maker,2025-03-24T12:25:43.623401
001F252100000028,0000000000000002182FD3B39870A952,BTC-PERPETUAL,buy,88388.0,0.014,P,1742844349.125798,0.242,normal,-196.36027445,0.31,88384.9318333333,0.00025,0.0,140,maker,2025-03-24T12:25:49.220641
001F25210000002A,0000000000000001182FD3B40F896A9B,BTC-PERPETUAL,buy,88375.0,0.011,P,1742844351.12391,0.253,normal,-196.67027445,0.24,88384.9318333333,0.00025,0.0,142,maker,2025-03-24T12:25:51.237576
001F252100000031,0000000000000001182FD3B756241ED2,BTC-PERPETUAL,sell,88386.0,0.01,P,1742844365.193355,0.243,normal,-0.60927769,-197.51955214,0.22,88405.9916666667,0.00025,0.0,149,maker,2025-03-24T12:26:05.296245
001F252100000039,0000000000000001182FD3BB3AF65746,BTC-PERPETUAL,buy,88388.0,0.01,P,1742844381.9172392,0.253,normal,-197.73955214,0.22,88403.4915,0.00025,0.0,157,maker,2025-03-24T12:26:22.006646
001F252100000042,0000000000000001182FD3BEF2343C89,BTC-PERPETUAL,buy,88380.0,0.01,P,1742844397.8764281,0.263,normal,-197.95955214,0.22,88388.8016666667,0.00025,0.0,166,maker,2025-03-24T12:26:37.966210
001F252100000045,0000000000000001182FD3C04C3AC7F1,BTC-PERPETUAL,buy,88371.0,0.011,P,1742844403.6817741,0.274,normal,-198.17955214,0.24,88365.2183333333,0.00025,0.0,169,maker,2025-03-24T12:26:43.779950
001F25210000004E,0000000000000001182FD3C320B43E76,BTC-PERPETUAL,buy,88349.0,0.014,P,1742844415.8364382,0.288,normal,-198.41955214,0.31,88350.4623333333,0.00025,0.0,178,maker,2025-03-24T12:26:55.925193
001F252100000051,0000000000000001182FD3C4515C0BAD,BTC-PERPETUAL,buy,88340.0,0.014,P,1742844420.947709,0.302,normal,-198.72955214,0.31,88340.189,0.00025,0.0,181,maker,2025-03-24T12:27:01.036833
001F252200000019,0000000000000001182FD3D6A30CF2AA,BTC-PERPETUAL,sell,88361.0,0.01,P,1742844499.6276681,0.292,normal,-0.69498172,-199.73453386,0.22,88375.135,0.00025,0.0,215,maker,2025-03-24T12:28:19.721170
001F252200000022,0000000000000001182FD3DAA4262885,BTC-PERPETUAL,sell,88392.0,0.01,P,1742844516.8259673,0.282,normal,-0.38498172,-200.33951558,0.22,88404.5198333333,0.00025,0.0,224,maker,2025-03-24T12:28:36.917229
001F25220000002D,0000000000000002182FD3DF69EF3309,BTC-PERPETUAL,buy,88411.0,0.013,P,1742844537.324123,0.295,normal,-200.55951558,0.29,88410.4781666667,0.00025,0.0,235,maker,2025-03-24T12:28:57.432143
001F25220000003F,0000000000000001182FD3E6FB118AE7,BTC-PERPETUAL,buy,88391.0,0.013,P,1742844569.823841,0.308,normal,-200.84951558,0.29,88401.1683333333,0.00025,0.0,253,maker,2025-03-24T12:29:29.922247
001F252200000054,0000000000000001182FD3EF46CA5043,BTC-PERPETUAL,buy,88384.0,0.018,P,1742844605.45398,0.326,normal,-201.13951558,0.4,88390.4716666667,0.00025,0.0,274,maker,2025-03-24T12:30:05.551601
001F25220000005D,0000000000000001182FD3F3409223F0,BTC-PERPETUAL,buy,88385.0,0.02,P,1742844622.529504,0.346,normal,-201.53951558,0.44,88390.23,0.00025,0.0,283,maker,2025-03-24T12:30:22.622215
001F252200000060,0000000000000001182FD3F46A54E675,BTC-PERPETUAL,buy,88369.0,0.018,P,1742844627.5251012,0.364,normal,-201.97951558,0.4,88367.5751666667,0.00025,0.0,286,maker,2025-03-24T12:30:27.615699
001F252200000063,0000000000000001182FD3F63B309CB5,BTC-PERPETUAL,buy,88352.0,0.015,P,1742844635.324129,0.379,normal,-202.37951558,0.33,88353.925,0.00025,0.0,289,maker,2025-03-24T12:30:35.421511
001F252200000263,0000000000000001182FD4CE9C88024F,BTC-PERPETUAL,buy,88021.0,0.01,P,1742845564.670182,0.01,normal,-363.146,0.22,88026.9715,0.00025,0.0,870,maker,2025-03-24T12:46:04.764667
001F252200000268,0000000000000003182FD4D0ACC7ACAC,BTC-PERPETUAL,sell,88020.0,0.01,P,1742845573.532725,0.0,normal,-0.01,-363.376,0.22,88046.4381666667,0.00025,0.0,875,maker,2025-03-24T12:46:13.635072
001F25220000026B,0000000000000001182FD4D2D9EA0B2C,BTC-PERPETUAL,buy,88039.0,0.013,P,1742845582.8798862,0.013,normal,-363.596,0.29,88048.4383333333,0.00025,0.0,878,maker,2025-03-24T12:46:22.984785
001F25220000026F,0000000000000001182FD4D5794010C9,BTC-PERPETUAL,buy,88039.0,0.016,P,1742845594.1430361,0.029,normal,-363.886,0.35,88050.7516666667,0.00025,0.0,882,maker,2025-03-24T12:46:34.234664
001F252200000276,0000000000000001182FD4D95B8878A2,BTC-PERPETUAL,sell,88059.0,0.015,P,1742845610.8243341,0.014,normal,0.3,-363.936,0.33,88076.6938333333,0.00025,0.0,889,maker,2025-03-24T12:46:50.916177
001F25220000027A,0000000000000001182FD4DB654E729B,BTC-PERPETUAL,sell,88101.0,0.013,P,1742845619.578238,0.001,normal,0.806,-363.46,0.29,88123.6435,0.00025,0.0,893,maker,2025-03-24T12:46:59.678752
001F252200000288,0000000000000002182FD4E3523F0C68,BTC-PERPETUAL,sell,88169.0,0.01,P,1742845653.6182,-0.009,normal,0.13,-363.62,0.22,88198.6666666667,0.00025,0.0,907,maker,2025-03-24T12:47:33.717981
001F252200000289,0000000000000001182FD4E364AB7758,BTC-PERPETUAL,buy,88191.0,0.01,P,1742845653.927295,0.001,normal,-0.198,-364.038,0.22,88198.6666666667,0.00025,0.0,908,maker,2025-03-24T12:47:34.021388
001F25220000028E,0000000000000001182FD4E56B45C407,BTC-PERPETUAL,sell,88198.0,0.01,P,1742845662.6280053,-0.009,normal,0.007,-364.251,0.22,88211.915,0.00025,0.0,913,maker,2025-03-24T12:47:42.721193
001F252200000297,0000000000000001182FD4EB11256281,BTC-PERPETUAL,buy,88250.0,0.01,P,1742845686.8857372,0.001,normal,-0.468,-364.939,0.22,88259.7183333333,0.00025,0.0,922,maker,2025-03-24T12:48:06.981923
001F252200000299,0000000000000001182FD4EB4F34EBFD,BTC-PERPETUAL,buy,88248.0,0.01,P,1742845687.926943,0.011,normal,-365.159,0.22,88244.145,0.00025,0.0,924,maker,2025-03-24T12:48:08.017428
001F25220000029B,0000000000000001182FD4ECC9308A0F,BTC-PERPETUAL,buy,88234.0,0.01,P,1742845694.268443,0.021,normal,-365.379,0.22,88245.0616666667,0.00025,0.0,926,maker,2025-03-24T12:48:14.361303
001F25220000029F,0000000000000001182FD4EF1D31E9B8,BTC-PERPETUAL,buy,88226.0,0.01,P,1742845704.267754,0.031,normal,-365.599,0.22,88233.375,0.00025,0.0,930,maker,2025-03-24T12:48:24.358673
001F2522000002A3,0000000000000001182FD4F292B83142,BTC-PERPETUAL,buy,88217.0,0.012,P,1742845719.12439,0.043,normal,-365.819,0.26,88220.3316666667,0.00025,0.0,934,maker,2025-03-24T12:48:39.219825
001F2522000002B6,0000000000000001182FD4FD6F5C137B,BTC-PERPETUAL,sell,88219.0,0.026,P,1742845765.7757912,0.017,normal,-0.31260465,-366.39160465,0.57,88242.0331666667,0.00025,0.0,953,maker,2025-03-24T12:49:25.870453
001F2522000002C3,0000000000000001182FD50577983645,BTC-PERPETUAL,buy,88229.0,0.014,P,1742845800.273688,0.031,normal,-366.96160465,0.31,88239.1383333334,0.00025,0.0,966,maker,2025-03-24T12:50:00.367482
001F2522000002C5,0000000000000001182FD50666F483E1,BTC-PERPETUAL,buy,88221.0,0.014,P,1742845804.2894921,0.045,normal,-367.27160465,0.31,88232.3066666667,0.00025,0.0,968,maker,2025-03-24T12:50:04.381386
001F2522000002D4,0000000000000001182FD50F242F3680,BTC-PERPETUAL,sell,88204.0,0.011,P,1742845841.8239713,0.034,normal,-0.25602997,-367.83763462,0.24,88225.3416666667,0.00025,0.0,983,maker,2025-03-24T12:50:41.927937
001F2522000002DA,0000000000000001182FD5131A964F63,BTC-PERPETUAL,sell,88218.0,0.01,P,1742845858.842824,0.024,normal,-0.09275452,-368.17038914,0.22,88256.3066666667,0.00025,0.0,989,maker,2025-03-24T12:50:58.946435
001F2522000002E1,0000000000000002182FD5168DCE9B7A,BTC-PERPETUAL,buy,88236.0,0.01,P,1742845873.660796,0.034,normal,-368.39038914,0.22,88250.9615,0.00025,0.0,996,maker,2025-03-24T12:51:13.760340
001F2522000002E3,0000000000000001182FD51780047514,BTC-PERPETUAL,buy,88229.0,0.01,P,1742845877.724411,0.044,normal,-368.61038914,0.22,88244.6416666667,0.00025,0.0,998,maker,2025-03-24T12:51:17.819373
001F2522000002E5,0000000000000002182FD519AE15DFE4,BTC-PERPETUAL,buy,88223.0,0.01,P,1742845887.087239,0.054,normal,-368.83038914,0.22,88241.2983333333,0.00025,0.0,1000,maker,2025-03-24T12:51:27.199703
001F2522000002E7,0000000000000001182FD51A6A68D2E8,BTC-PERPETUAL,buy,88221.0,0.01,P,1742845890.246792,0.064,normal,-369.05038914,0.22,88238.845,0.00025,0.0,1002,maker,2025-03-24T12:51:30.340456
001F2522000002E9,0000000000000001182FD51BE017A028,BTC-PERPETUAL,buy,88221.0,0.01,P,1742845896.516149,0.074,normal,-369.27038914,0.22,88238.845,0.00025,0.0,1004,maker,2025-03-24T12:51:36.610134
001F2522000002EB,0000000000000001182FD51C58465DCE,BTC-PERPETUAL,buy,88221.0,0.01,P,1742845898.532479,0.084,normal,-369.49038914,0.22,88238.9281666667,0.00025,0.0,1006,maker,2025-03-24T12:51:38.626446
001F2522000002EF,0000000000000001182FD51EC9A99E1B,BTC-PERPETUAL,buy,88228.0,0.029,P,1742845909.024743,0.113,normal,-369.71038914,0.64,88245.635,0.00025,0.0,1010,maker,2025-03-24T12:51:49.116176
001F2522000002EF,0000000000000001182FD51ECFAA951B,BTC-PERPETUAL,buy,88228.0,0.005,P,1742845909.1254702,0.118,normal,-370.35038914,0.11,88245.635,0.00025,0.0,1010,maker,2025-03-24T12:51:49.230331
001F252200000311,0000000000000001182FD534EA767F6E,BTC-PERPETUAL,buy,88212.0,0.016,P,1742846004.064321,0.134,normal,-370.46038914,0.35,88212.275,0.00025,0.0,1044,maker,2025-03-24T12:53:24.166602
001F25220000031E,0000000000000001182FD53CD4B8A7C9,BTC-PERPETUAL,sell,88217.0,0.014,P,1742846038.059297,0.12,normal,-0.10767576,-370.9180649,0.31,88237.9215,0.00025,0.0,1057,maker,2025-03-24T12:53:58.173618
001F25220000031F,0000000000000002182FD53D261B29C6,BTC-PERPETUAL,buy,88254.0,0.012,P,1742846039.4247072,0.132,normal,-371.2280649,0.26,88261.7315,0.00025,0.0,1058,maker,2025-03-24T12:53:59.520695
001F252200000321,0000000000000002182FD53D975A29F1,BTC-PERPETUAL,buy,88245.0,0.01,P,1742846041.324661,0.142,normal,-371.4880649,0.22,88264.2681666667,0.00025,0.0,1060,maker,2025-03-24T12:54:01.448234
001F252200000324,0000000000000001182FD53FC7AEE4CB,BTC-PERPETUAL,sell,88262.0,0.01,P,1742846050.7254553,0.132,normal,0.33401865,-371.37404625,0.22,88276.8978333333,0.00025,0.0,1063,maker,2025-03-24T12:54:10.818954
001F252200000327,0000000000000001182FD540A5945790,BTC-PERPETUAL,buy,88288.0,0.01,P,1742846054.4482572,0.142,normal,-371.59404625,0.22,88297.225,0.00025,0.0,1066,maker,2025-03-24T12:54:14.545287
001F25220000032D,0000000000000003182FD54456D66606,BTC-PERPETUAL,buy,88287.0,0.003,P,1742846070.3070552,0.145,normal,-371.81404625,0.07,88307.0413333333,0.00025,0.0,1072,maker,2025-03-24T12:54:30.399464
001F25220000032D,0000000000000001182FD5445930A7CE,BTC-PERPETUAL,buy,88287.0,0.007,P,1742846070.346525,0.152,normal,-371.88404625,0.15,88307.0413333333,0.00025,0.0,1072,maker,2025-03-24T12:54:30.439709
001F25220000032E,0000000000000001182FD544C1BB5D77,BTC-PERPETUAL,sell,88303.0,0.01,P,1742846072.100446,0.142,normal,0.6665162,-371.36753005,0.22,88326.2881666667,0.00025,0.0,1073,maker,2025-03-24T12:54:32.199533
001F252200000332,0000000000000001182FD546DAAB0B11,BTC-PERPETUAL,sell,88321.0,0.011,P,1742846081.1087413,0.131,normal,0.93116782,-370.65636223,0.24,88340.8265,0.00025,0.0,1077,maker,2025-03-24T12:54:41.204395
001F25220000033B,0000000000000001182FD54D252A1FC3,BTC-PERPETUAL,buy,88326.0,0.011,P,1742846108.1283872,0.142,normal,-370.89636223,0.24,88335.7518333333,0.00025,0.0,1086,maker,2025-03-24T12:55:08.219856
001F252200000344,0000000000000003182FD55165786EE4,BTC-PERPETUAL,sell,88293.0,0.003,P,1742846126.3871303,0.139,normal,0.14912033,-370.9872419,0.07,88273.2283333333,0.00025,0.0,1095,maker,2025-03-24T12:55:26.481273
001F252200000344,0000000000000001182FD55167644DE5,BTC-PERPETUAL,sell,88293.0,0.008,P,1742846126.4193652,0.131,normal,0.39765421,-370.65958769,0.18,88273.2283333333,0.00025,0.0,1095,maker,2025-03-24T12:55:26.521012
001F25220000035D,0000000000000001182FD561F202F06B,BTC-PERPETUAL,buy,88260.0,0.019,P,1742846197.4644942,0.15,normal,-370.83958769,0.42,88264.1681666667,0.00025,0.0,1120,maker,2025-03-24T12:56:37.559300
001F25220000035F,0000000000000001182FD5641412BE3B,BTC-PERPETUAL,buy,88254.0,0.021,P,1742846206.6258903,0.171,normal,-371.25958769,0.46,88254.9915,0.00025,0.0,1122,maker,2025-03-24T12:56:46.718398
001F252200000361,0000000000000001182FD565B0E81F4B,BTC-PERPETUAL,buy,88246.0,0.021,P,1742846213.552087,0.192,normal,-371.71958769,0.46,88254.3948333333,0.00025,0.0,1124,maker,2025-03-24T12:56:53.643690
001F252200000363,0000000000000001182FD565DF06F272,BTC-PERPETUAL,buy,88239.0,0.021,P,1742846214.325859,0.213,normal,-372.17958769,0.46,88244.1116666666,0.00025,0.0,1126,maker,2025-03-24T12:56:54.443009
001F252200000366,0000000000000001182FD5677B57B7EE,BTC-PERPETUAL,sell,88247.0,0.018,P,1742846221.243366,0.195,normal,0.02371164,-372.61587605,0.4,88274.2661666667,0.00025,0.0,1129,maker,2025-03-24T12:57:01.346132
001F252200000377,0000000000000001182FD57212A96739,BTC-PERPETUAL,buy,88253.0,0.013,P,1742846266.731751,0.208,normal,-373.01587605,0.29,88265.7283333333,0.00025,0.0,1146,maker,2025-03-24T12:57:46.825291
001F25220000037E,0000000000000001182FD5762BC13C25,BTC-PERPETUAL,sell,88247.0,0.013,P,1742846284.3326132,0.195,normal,0.01117975,-373.2946963,0.29,88274.05,0.00025,0.0,1153,maker,2025-03-24T12:58:04.439128
001F25220000037F,0000000000000003182FD576E9FE7DE2,BTC-PERPETUAL,buy,88257.0,0.009,P,1742846287.5242982,0.204,normal,-373.5846963,0.2,88276.7348333333,0.00025,0.0,1154,maker,2025-03-24T12:58:07.618796
001F25220000037F,0000000000000001182FD576F051982B,BTC-PERPETUAL,buy,88257.0,0.009,P,1742846287.630408,0.213,normal,-373.7846963,0.2,88276.7348333333,0.00025,0.0,1154,maker,2025-03-24T12:58:07.723648
001F252200000381,0000000000000001182FD57844316809,BTC-PERPETUAL,buy,88255.0,0.017,P,1742846293.332552,0.23,normal,-373.9846963,0.38,88265.725,0.00025,0.0,1156,maker,2025-03-24T12:58:13.426498
001F252200000383,0000000000000001182FD57A86149185,BTC-PERPETUAL,buy,88251.0,0.016,P,1742846303.027893,0.246,normal,-374.3646963,0.35,88264.3716666667,0.00025,0.0,1158,maker,2025-03-24T12:58:23.127011
001F25220000038E,0000000000000001182FD57E3C5EFF27,BTC-PERPETUAL,buy,88254.0,0.019,P,1742846318.971126,0.265,normal,-374.7146963,0.42,88267.7416666667,0.00025,0.0,1169,maker,2025-03-24T12:58:39.064720
001F252200000394,0000000000000001182FD580E8423B62,BTC-PERPETUAL,buy,88254.0,0.017,P,1742846330.4448562,0.282,normal,-375.1346963,0.38,88266.4218333333,0.00025,0.0,1175,maker,2025-03-24T12:58:50.538391
001F252200000397,0000000000000001182FD581B7E2B415,BTC-PERPETUAL,buy,88234.0,0.014,P,1742846333.928256,0.296,normal,-375.5146963,0.31,88249.5016666667,0.00025,0.0,1178,maker,2025-03-24T12:58:54.019921
001F25220000039A,0000000000000001182FD583656B4FF9,BTC-PERPETUAL,buy,88232.0,0.014,P,1742846341.1346352,0.31,normal,-375.8246963,0.31,88245.2718333333,0.00025,0.0,1181,maker,2025-03-24T12:59:01.227188
001F25220000039B,0000000000000004182FD58428991808,BTC-PERPETUAL,sell,88239.0,0.014,P,1742846344.409192,0.296,normal,-0.11526533,-376.24996163,0.31,88264.4783333333,0.00025,0.0,1182,maker,2025-03-24T12:59:04.518757
001F25220000039E,0000000000000001182FD58441A40EC1,BTC-PERPETUAL,sell,88256.0,0.013,P,1742846344.8293421,0.283,normal,0.11396791,-376.44599372,0.29,88264.4783333333,0.00025,0.0,1185,maker,2025-03-24T12:59:04.925123
001F2522000003A1,0000000000000001182FD584B89518CD,BTC-PERPETUAL,sell,88284.0,0.01,P,1742846346.82485,0.273,normal,0.36766762,-376.3683261,0.22,88295.375,0.00025,0.0,1188,maker,2025-03-24T12:59:06.921538
001F2522000003A2,0000000000000001182FD585000C053B,BTC-PERPETUAL,sell,88309.0,0.029,P,1742846348.0238261,0.244,normal,1.79123611,-374.79708999,0.64,88320.03,0.00025,0.0,1189,maker,2025-03-24T12:59:08.127574
001F2522000003A2,0000000000000001182FD585121D04FB,BTC-PERPETUAL,sell,88309.0,0.029,P,1742846348.32693,0.215,normal,1.79123611,-373.64585388,0.64,88320.03,0.00025,0.0,1189,maker,2025-03-24T12:59:08.425863
001F2522000003A2,0000000000000001182FD58517514C9A,BTC-PERPETUAL,sell,88309.0,0.1,P,1742846348.4142423,0.115,normal,6.17667622,-368.10917766,2.21,88352.453,0.00025,0.0,1189,maker,2025-03-24T12:59:08.580355
001F2522000003A2,0000000000000001182FD58517514C9B,BTC-PERPETUAL,sell,88309.0,0.1,P,1742846348.4142423,0.015,normal,6.17667623,-364.14250143,2.21,88352.453,0.00025,0.0,1189,maker,2025-03-24T12:59:08.583694
001F2522000003A2,0000000000000001182FD58517514C9C,BTC-PERPETUAL,sell,88309.0,0.1,P,1742846348.4142423,-0.085,normal,0.92650143,-365.426,2.21,88352.453,0.00025,0.0,1189,maker,2025-03-24T12:59:08.587874
001F2522000003A2,0000000000000001182FD58517514C9D,BTC-PERPETUAL,sell,88309.0,0.1,P,1742846348.4142423,-0.185,normal,-367.636,2.21,88352.453,0.00025,0.0,1189,maker,2025-03-24T12:59:08.591257
001F2522000003A2,0000000000000001182FD58517514C9E,BTC-PERPETUAL,sell,88309.0,0.1,P,1742846348.4142423,-0.285,normal,-369.846,2.21,88352.453,0.00025,0.0,1189,maker,2025-03-24T12:59:08.594463
001F2522000003A2,0000000000000001182FD58517514C9F,BTC-PERPETUAL,sell,88309.0,0.1,P,1742846348.4142423,-0.385,normal,-372.056,2.21,88352.453,0.00025,0.0,1189,maker,2025-03-24T12:59:08.597942
001F2522000003A2,0000000000000001182FD58517514CA0,BTC-PERPETUAL,sell,88309.0,0.1,P,1742846348.4142423,-0.485,normal,-374.266,2.21,88352.453,0.00025,0.0,1189,maker,2025-03-24T12:59:08.602012
001F2522000003A2,0000000000000001182FD58517514CA1,BTC-PERPETUAL,sell,88309.0,0.042,P,1742846348.4142423,-0.527,normal,-376.476,0.93,88352.453,0.00025,0.0,1189,maker,2025-03-24T12:59:08.606966
001F255400000002,0000000000000001182FE07F0CEBEA03,BTC-PERPETUAL,buy,87300.0,0.01,P,1742858417.097927,0.01,normal,-341.433,0.22,87297.5085,0.00025,0.0,102,maker,2025-03-24T16:20:17.200054
001F255400000044,0000000000000001182FE07F3CA87544,BTC-PERPETUAL,buy,87297.0,0.009,P,1742858417.898813,0.019,normal,-341.653,0.2,87290.6716666667,0.00025,0.0,168,maker,2025-03-24T16:20:18.041027
001F2554000004F2,0000000000000001182FE0D1515309C9,BTC-PERPETUAL,buy,87147.0,0.009,P,1742858770.4328551,0.028,normal,-341.853,0.2,87139.6116666667,0.00025,0.0,1674,maker,2025-03-24T16:26:10.646904
001F25540000050A,0000000000000001182FE0D16D96AED9,BTC-PERPETUAL,buy,87146.0,0.009,P,1742858770.9070501,0.037,normal,-342.053,0.2,87139.6116666667,0.00025,0.0,1698,maker,2025-03-24T16:26:11.032938
001F255400000557,0000000000000001182FE0D196B786C4,BTC-PERPETUAL,buy,87142.0,0.009,P,1742858771.597068,0.046,normal,-342.253,0.2,87137.9083333333,0.00025,0.0,1792,maker,2025-03-24T16:26:11.707159
001F255700000062,0000000000000001182FE172FE3A8893,BTC-PERPETUAL,sell,87267.0,0.01,P,1742859464.823442,0.036,normal,0.58565217,-341.86734783,0.22,87290.1416666667,0.00025,0.0,207,maker,2025-03-24T16:37:53.329232
001F255B00000006,0000000000000001182FE1ADC107C6B7,BTC-PERPETUAL,buy,87290.0,0.009,P,1742859717.1997762,0.045,normal,-342.08734783,0.2,87285.415,0.00025,0.0,106,maker,2025-03-24T16:41:57.343897
001F255F00000017,0000000000000001182FE25B89C414E5,BTC-PERPETUAL,sell,87351.0,0.006,P,1742860463.596902,0.039,normal,0.75751304,-341.52983479,0.13,87369.015,0.00025,0.0,483,maker,2025-03-24T16:54:23.704125
001F256000000009,0000000000000001182FE27390FF3F36,BTC-PERPETUAL,sell,87454.0,0.008,P,1742860566.797435,0.031,normal,1.83401739,-339.8258174,0.17,87471.7383333333,0.00025,0.0,601,maker,2025-03-24T16:56:06.921859
001F25600000005F,0000000000000001182FE273D3954A1A,BTC-PERPETUAL,sell,87456.0,0.008,P,1742860567.9145641,0.023,normal,1.85001739,-338.14580001,0.17,87470.025,0.00025,0.0,687,maker,2025-03-24T16:56:08.023431
001F256900000019,0000000000000001182FE32BDAEAAAA4,BTC-PERPETUAL,sell,87388.0,0.009,P,1742861358.311583,-0.009,normal,-332.945,0.2,87404.5743333333,0.00025,0.0,404,maker,2025-03-24T17:09:18.409556
001F256900000021,0000000000000001182FE32BFF6EDA4E,BTC-PERPETUAL,sell,87389.0,0.009,P,1742861358.924225,-0.018,normal,-333.145,0.2,87409.141,0.00025,0.0,412,maker,2025-03-24T17:09:19.080548
001F256A00000012,0000000000000001182FE421357D3EDF,BTC-PERPETUAL,buy,87618.0,0.01,P,1742862412.0981262,-0.008,normal,-2.295,-335.64,0.22,87622.06,0.00025,0.0,118,maker,2025-03-24T17:26:52.190065
001F256D00000022,0000000000000001182FE453D4839402,BTC-PERPETUAL,buy,87488.0,0.009,P,1742862629.514483,0.001,normal,-0.796,-336.656,0.2,87478.8866666667,0.00025,0.0,593,maker,2025-03-24T17:30:29.609347
001F257D00000017,0000000000000001182FE57475DBD799,BTC-PERPETUAL,sell,87630.0,0.009,P,1742863869.1719801,-0.008,normal,0.142,-336.714,0.2,87649.6183333333,0.00025,0.0,3261,maker,2025-03-24T17:51:09.313325
001F25810000002D,0000000000000001182FE5AB77841A8D,BTC-PERPETUAL,sell,87642.0,0.01,P,1742864105.422986,-0.018,normal,-336.914,0.22,87661.6283333333,0.00025,0.0,3809,maker,2025-03-24T17:55:05.526107
001F258300000023,0000000000000001182FE5CC561BF6E9,BTC-PERPETUAL,sell,87631.0,0.009,P,1742864246.596434,-0.027,normal,-337.134,0.2,87649.8716666667,0.00025,0.0,4091,maker,2025-03-24T17:57:26.708723
